place_id,place_name,category,city,latitude,longitude,rating,user_ratings_total,fame_score,user_type,user_preferences,budget,seasonal_suitability,best_time_to_visit,source
1,Emporium Mall,Shopping Mall,Lahore,31.4678861,74.266003,4.6,76981,1276.29,"Family, Friends","shopping, dining",Medium,All-season,"Evening, Night",Google Maps API (Adaptive AI Filtered Research Model)
2,Centaurus Mall,Shopping Mall,Islamabad,33.7077281,73.0497919,4.8,81114,1253.14,"Family, Friends","shopping, dining",Medium,All-season,"Evening, Night",Google Maps API (Adaptive AI Filtered Research Model)
3,LuckyOne Mall,Shopping Mall,Karachi,24.9323526,67.0872638,4.6,71434,1229.45,"Family, Friends","shopping, dining",Medium,All-season,"Evening, Night",Google Maps API (Adaptive AI Filtered Research Model)
4,Packages Mall,Shopping Mall,Lahore,31.4715199,74.3555422,4.6,69743,1214.81,"Family, Friends","shopping, dining",Medium,All-season,"Evening, Night",Google Maps API (Adaptive AI Filtered Research Model)
5,Dolmen Mall - Clifton,Shopping Mall,Karachi,24.8021323,67.0300195,4.6,47894,1006.7,"Family, Friends","shopping, dining",Medium,All-season,"Evening, Night",Google Maps API (Adaptive AI Filtered Research Model)
6,Giga Mall,Shopping Mall,Islamabad,33.5211113,73.1585192,4.7,49336,999.53,"Family, Friends","shopping, dining",Medium,All-season,"Evening, Night",Google Maps API (Adaptive AI Filtered Research Model)
7,Atrium Mall,Shopping Mall,Karachi,24.8560738,67.0302714,4.3,39295,852.39,"Family, Friends","shopping, dining",Medium,All-season,"Evening, Night",Google Maps API (Adaptive AI Filtered Research Model)
8,Safa Gold Mall,Shopping Mall,Islamabad,33.7207086,73.0555015,4.6,34225,795.5,"Family, Friends","shopping, dining",Medium,All-season,"Evening, Night",Google Maps API (Adaptive AI Filtered Research Model)
9,Fatima Jinnah Park (F-9 Park),Park,Islamabad,33.6960734,73.017796,4.8,29543,790.65,"Family, Friends","relaxing, picnic",Low,Summer,"Morning, Evening",Google Maps API (Adaptive AI Filtered Research Model)
10,"Jilani Park (Race Course), Lahore",Tourist Attraction,Lahore,31.5444814,74.3345479,4.6,28653,778.65,"Family, Friends",exploring,Medium,All-season,All-day,Google Maps API (Adaptive AI Filtered Research Model)
11,Ayub National Park,Park,Islamabad,33.5710169,73.0830304,4.7,29577,773.91,"Family, Friends","relaxing, picnic",Low,Summer,"Morning, Evening",Google Maps API (Adaptive AI Filtered Research Model)
12,Jinnah Park,Park,Islamabad,33.5841594,73.0723764,4.5,28089,754.19,"Family, Friends","relaxing, picnic",Low,Summer,"Morning, Evening",Google Maps API (Adaptive AI Filtered Research Model)
13,Daman-e-Koh,Tourist Attraction,Islamabad,33.7383209,73.0565188,4.6,26162,744.03,"Family, Friends",exploring,Medium,All-season,All-day,Google Maps API (Adaptive AI Filtered Research Model)
14,Lahore Fort,Tourist Attraction,Lahore,31.5882737,74.3154525,4.6,26158,743.98,"Family, Friends",exploring,Medium,All-season,All-day,Google Maps API (Adaptive AI Filtered Research Model)
15,Fortress Square Mall,Shopping Mall,Lahore,31.5324346,74.3631963,4.4,27812,733.78,"Family, Friends","shopping, dining",Medium,All-season,"Evening, Night",Google Maps API (Adaptive AI Filtered Research Model)
16,Ayubia National Park,Park,Murree,34.0642272,73.4062342,4.5,25132,713.39,"Family, Friends","relaxing, picnic",Low,Summer,"Morning, Evening",Google Maps API (Adaptive AI Filtered Research Model)
17,Carrefour,Shopping Mall,Lahore,31.4718078,74.3547335,4.4,24882,694.06,"Family, Friends","shopping, dining",Medium,All-season,"Evening, Night",Google Maps API (Adaptive AI Filtered Research Model)
18,Millennium Mall,Shopping Mall,Karachi,24.9012696,67.1153213,4.1,27962,685.6,"Family, Friends","shopping, dining",Medium,All-season,"Evening, Night",Google Maps API (Adaptive AI Filtered Research Model)
19,Delhi Gate,Tourist Attraction,Lahore,31.5821796,74.326425,4.6,21200,669.77,"Family, Friends",exploring,Medium,All-season,All-day,Google Maps API (Adaptive AI Filtered Research Model)
20,Pakistan Monument,Tourist Attraction,Islamabad,33.6933346,73.0682284,4.6,21112,668.38,"Family, Friends",exploring,Medium,All-season,All-day,Google Maps API (Adaptive AI Filtered Research Model)
21,Model Town Park,Park,Lahore,31.4845625,74.3263125,4.5,21654,662.19,"Family, Friends","relaxing, picnic",Low,All-season,"Morning, Evening",Google Maps API (Adaptive AI Filtered Research Model)
22,TDCP Patriata Chairlift and Cable Car,Tourist Attraction,Murree,33.8741875,73.4580625,4.6,20762,634,"Family, Friends",exploring,Low,Summer,All-day,Google Maps API (Adaptive AI Filtered Research Model)
23,Amanah Mall,Shopping Mall,Lahore,31.4669702,74.3159132,4.3,20484,615.43,"Family, Friends","shopping, dining",Medium,All-season,"Evening, Night",Google Maps API (Adaptive AI Filtered Research Model)
24,The Ocean Mall,Shopping Mall,Karachi,24.823792,67.0355235,4.5,19141,608.74,"Family, Friends","shopping, dining",Medium,All-season,"Evening, Night",Google Maps API (Adaptive AI Filtered Research Model)
25,Panorama Shopping Centre,Shopping Mall,Lahore,31.5616656,74.3211627,4.2,19306,583.57,"Family, Friends","shopping, dining",Medium,All-season,"Evening, Night",Google Maps API (Adaptive AI Filtered Research Model)
26,Eiffel Tower Bahria Town Lahore,Tourist Attraction,Lahore,31.3557674,74.1847287,4.5,16715,581.79,"Family, Friends",exploring,Medium,All-season,All-day,Google Maps API (Adaptive AI Filtered Research Model)
27,Lok Virsa Heritage Museum,Tourist Attraction,Islamabad,33.6884661,73.0726757,4.6,14997,563.33,"Family, Friends",exploring,Medium,All-season,All-day,Google Maps API (Adaptive AI Filtered Research Model)
28,Lake View Park,Park,Islamabad,33.711785,73.1319963,4.5,14600,543.74,"Family, Friends","relaxing, picnic",medium,Summer,"Morning, Evening",Google Maps API (Adaptive AI Filtered Research Model)
29,Mall of Lahore,Shopping Mall,Lahore,31.5292971,74.3787239,4.3,14028,509.29,"Family, Friends","shopping, dining",Medium,All-season,"Evening, Night",Google Maps API (Adaptive AI Filtered Research Model)
30,Fort Kohna Qasim Garden,Tourist Attraction,Multan,30.1985159,71.4736599,4.4,13206,505.64,"Family, Friends",exploring,Low,Winter,All-day,Google Maps API (Adaptive AI Filtered Research Model)
31,Joyland,Park,rawalpindi,33.5611826,73.0902946,4.4,12700,495.85,"Family, Friends","relaxing, picnic",Low,Summer,"Morning, Evening",Google Maps API (Adaptive AI Filtered Research Model)
32,Army Museum Lahore,Tourist Attraction,Lahore,31.5322998,74.3984004,4.8,9830,475.9,"Family, Friends",exploring,Medium,All-season,All-day,Google Maps API (Adaptive AI Filtered Research Model)
33,Dolmen Mall Hyderi,Shopping Mall,Karachi,24.9355566,67.0402345,4.3,11621,463.54,"Family, Friends","shopping, dining",Medium,All-season,"Evening, Night",Google Maps API (Adaptive AI Filtered Research Model)
34,MTX Off-road Sports Rawal Lake,Park,Abbottabad,33.7193125,73.1349375,4.4,10276,446.03,"Family, Friends","relaxing, picnic",Low,Summer,"Morning, Evening",Google Maps API (Adaptive AI Filtered Research Model)
35,Frere Hall,Tourist Attraction,Karachi,24.8473881,67.0329806,4.4,10274,445.99,"Family, Friends",exploring,Medium,All-season,All-day,Google Maps API (Adaptive AI Filtered Research Model)
36,Lahore Museum,Tourist Attraction,Lahore,31.5683749,74.3080962,4.5,9708,443.38,"Family, Friends",exploring,Medium,All-season,All-day,Google Maps API (Adaptive AI Filtered Research Model)
37,Kachnar Park,Park,Islamabad,33.6703208,73.0817641,4.6,9264,442.75,"Family, Friends","relaxing, picnic",Low,All-season,"Morning, Evening",Google Maps API (Adaptive AI Filtered Research Model)
38,Ghanta Ghar (Clock Tower),Tourist Attraction,Multan,30.1986814,71.4680805,4.5,9617,441.3,"Family, Friends",exploring,Low,Winter,All-day,Google Maps API (Adaptive AI Filtered Research Model)
39,Al Fatah Exclusive Mall - Hussain Chowk,Shopping Mall,Lahore,31.5070014,74.3530103,4.4,10035,440.77,"Family, Friends","shopping, dining",Medium,All-season,"Evening, Night",Google Maps API (Adaptive AI Filtered Research Model)
40,Gulberg Galleria,Shopping Mall,Lahore,31.5319296,74.3515966,4.4,9785,435.24,"Family, Friends","shopping, dining",Medium,All-season,"Evening, Night",Google Maps API (Adaptive AI Filtered Research Model)
41,Clifton Sea-View Karachi Sindh,Tourist Attraction,Karachi,24.7906121,67.0403961,4.3,9966,429.27,"Family, Friends",exploring,Medium,All-season,All-day,Google Maps API (Adaptive AI Filtered Research Model)
42,Kashmir Point,Tourist Attraction,Murree,33.9136373,73.4042009,4.5,9333,425.07,"Family, Friends",exploring,Medium,All-season,All-day,Google Maps API (Adaptive AI Filtered Research Model)
43,Malam Jabba Ski Resort,Park,Swat,34.7988072,72.572194,4.5,9087,419.43,"Family, Friends","relaxing, picnic",Low,Summer,"Morning, Evening",Google Maps API (Adaptive AI Filtered Research Model)
44,Mall of Multan,Shopping Mall,Multan,30.2427887,71.4845477,4.4,8985,417.07,"Family, Friends","shopping, dining",Low,Winter,"Evening, Night",Google Maps API (Adaptive AI Filtered Research Model)
45,Daman-e-Koh park,Park,Islamabad,33.7159938,73.1327989,4.5,8167,406.67,"Family, Friends","relaxing, picnic",Low,Summer,"Morning, Evening",Google Maps API (Adaptive AI Filtered Research Model)
46,Pindi point,Tourist Attraction,Murree,33.6681875,72.9961875,4.5,8321,401.37,"Family, Friends","relaxing, picnic",Low,Summer,"Morning, Evening",Google Maps API (Adaptive AI Filtered Research Model)
47,Dino Valley,Park,Islamabad,33.7940619,73.1240766,4.6,8268,390.99,"Family, Friends","relaxing, picnic",High,Summer,"Morning, Evening",Google Maps API (Adaptive AI Filtered Research Model)
48,The Forum Shopping Mall,Shopping Mall,Karachi,24.827207,67.037798,4.1,8956,388.01,"Family, Friends","shopping, dining",Medium,All-season,"Evening, Night",Google Maps API (Adaptive AI Filtered Research Model)
49,Greater Iqbal Park,Tourist Attraction,Lahore,31.5922375,74.3103594,4.6,7057,386.43,"Family, Friends",exploring,Medium,All-season,All-day,Google Maps API (Adaptive AI Filtered Research Model)
50,Baltit Fort,Tourist Attraction,Hunza,36.3256375,74.6697656,4.6,6890,381.83,"Family, Friends",exploring,Low,Summer,All-day,Google Maps API (Adaptive AI Filtered Research Model)
51,New Auriga Shopping Mall,Shopping Mall,Lahore,31.5248691,74.3481225,4.2,8025,376.25,"Family, Friends","shopping, dining",Medium,All-season,"Evening, Night",Google Maps API (Adaptive AI Filtered Research Model)
52,Do Darya,Tourist Attraction,Karachi,24.7505126,67.0867886,4.5,6661,367.27,"Family, Friends",exploring,Medium,All-season,All-day,Google Maps API (Adaptive AI Filtered Research Model)
53,Malikabad Shopping Mall,Shopping Mall,Islamabad,33.6402985,73.0757894,4.2,7455,362.64,"Family, Friends","shopping, dining",Medium,All-season,"Evening, Night",Google Maps API (Adaptive AI Filtered Research Model)
54,Saima Paari Mall,Shopping Mall,Karachi,24.9384429,67.0444674,4.1,7089,345.2,"Family, Friends","shopping, dining",Medium,All-season,"Evening, Night",Google Maps API (Adaptive AI Filtered Research Model)
55,Dolmen Mall Lahore,Shopping Mall,Lahore,31.4677456,74.4358948,4.5,5725,340.49,"Family, Friends","shopping, dining",Medium,All-season,"Evening, Night",Google Maps API (Adaptive AI Filtered Research Model)
56,Mohatta Palace Museum,Tourist Attraction,Karachi,24.8143363,67.0327381,4.5,5606,336.93,"Family, Friends",exploring,Medium,All-season,All-day,Google Maps API (Adaptive AI Filtered Research Model)
58,Deans Shopping Mall (Deans Trade Center Peshawar),Shopping Mall,Peshawar,34.0008149,71.5454357,4.1,6630,333.84,"Family, Friends","shopping, dining",Low,All-season,"Evening, Night",Google Maps API (Adaptive AI Filtered Research Model)
59,Rakaposhi View Point Hotel & Restaurant,Tourist Attraction,Hunza,36.2393543,74.4896086,4.6,5265,333.78,"Family, Friends",exploring,Low,Summer,All-day,Google Maps API (Adaptive AI Filtered Research Model)
60,FizaGat Park,Park,Swat,34.7922128,72.3798908,4.2,6137,329.02,"Family, Friends","relaxing, picnic",Low,Summer,"Morning, Evening",Google Maps API (Adaptive AI Filtered Research Model)
61,Deosai National Park,Tourist Attraction,Skardu,34.9705077,75.4718236,4.8,4448,320.13,"Family, Friends",exploring,Low,Summer,All-day,Google Maps API (Adaptive AI Filtered Research Model)
62,Hilal Park,Hiking/Trail,Karachi,24.8024765,67.0546453,4.5,4822,312.48,"Friends, Adventure","hiking, adventure, camping",Low,All-season,Morning,Google Maps API (Adaptive AI Filtered Research Model)
63,Star City Mobile Mall,Shopping Mall,Karachi,24.8641572,67.0258401,4.3,5231,311,"Family, Friends","shopping, dining",Medium,All-season,"Evening, Night",Google Maps API (Adaptive AI Filtered Research Model)
64,Haroon Shopping Centre,Shopping Mall,Karachi,24.9562783,67.0602822,4.1,5731,310.38,"Family, Friends","shopping, dining",Medium,All-season,"Evening, Night",Google Maps API (Adaptive AI Filtered Research Model)
65,Roomi Park,Park,Murree,33.59904,73.04361,4.3,5169,309.15,"Family, Friends","relaxing, picnic",Low,Summer,"Morning, Evening",Google Maps API (Adaptive AI Filtered Research Model)
66,Altit Fort,Tourist Attraction,Hunza,36.3172554,74.6811672,4.6,4510,308.92,"Family, Friends",exploring,Low,Summer,All-day,Google Maps API (Adaptive AI Filtered Research Model)
67,Umbrella Waterfall,Waterfall,Islamabad,33.9957416,73.2952193,4.6,4347,303.29,"Friends, Adventure","sightseeing, photography",Low,All-season,"Morning, Evening",Google Maps API (Adaptive AI Filtered Research Model)
68,Thandiani Top,Tourist Attraction,Murree,34.2310552,73.3523387,4.7,4541,303.24,"Family, Friends",exploring,Low,Summer,All-day,Google Maps API (Adaptive AI Filtered Research Model)
69,Daman-e-Koh View Point,Tourist Attraction,Islamabad,33.7378388,73.0568964,4.6,4328,302.62,"Family, Friends",exploring,Medium,All-season,All-day,Google Maps API (Adaptive AI Filtered Research Model)
70,Nishtar Park,Park,Karachi,24.8747057,67.0332708,4.2,5168,301.93,"Family, Friends","relaxing, picnic",Low,All-season,"Morning, Evening",Google Maps API (Adaptive AI Filtered Research Model)
71,Chase Value - Islamabad,Shopping Mall,Islamabad,33.5353809,73.127969,4.3,4830,298.84,"Family, Friends","shopping, dining",Medium,All-season,"Evening, Night",Google Maps API (Adaptive AI Filtered Research Model)
72,Rawat Fort,Tourist Attraction,Islamabad,33.4982576,73.1941682,4.3,4811,298.25,"Family, Friends",exploring,Medium,All-season,All-day,Google Maps API (Adaptive AI Filtered Research Model)
73,Lady Garden Public Park,Park,Murree,34.1497421,73.2153961,4.2,4755,289.62,"Family, Friends","relaxing, picnic",Low,Summer,"Morning, Evening",Google Maps API (Adaptive AI Filtered Research Model)
74,Shahdara Point,Tourist Attraction,Islamabad,33.776563,73.1738192,4.2,4507,281.96,"Family, Friends",exploring,Medium,All-season,All-day,Google Maps API (Adaptive AI Filtered Research Model)
75,Lake City Mall,Shopping Mall,Lahore,31.3535568,74.2518463,4.4,4075,280.88,"Family, Friends","shopping, dining",Medium,All-season,"Evening, Night",Google Maps API (Adaptive AI Filtered Research Model)
76,Hill Park,Mountain,Karachi,24.8715176,67.0709538,4.1,4672,280.24,"Friends, Adventure","hiking, camping",Low,All-season,Morning,Google Maps API (Adaptive AI Filtered Research Model)
77,Shaukat Khanum Hospital Park,Park,Lahore,31.4486525,74.2701546,4.3,3708,280.11,"Family, Friends","relaxing, picnic",Low,All-season,"Morning, Evening",Google Maps API (Adaptive AI Filtered Research Model)
78,Gold Crest Grand Mall and Residency,Shopping Mall,Lahore,31.4668125,74.3816875,4.4,3971,277.27,"Family, Friends","shopping, dining",Medium,All-season,"Evening, Night",Google Maps API (Adaptive AI Filtered Research Model)
79,Akhnoor Fort,Tourist Attraction,Sialkot,32.8962689,74.7406631,4.3,4100,275.33,"Family, Friends",exploring,Low,All-season,All-day,Google Maps API (Adaptive AI Filtered Research Model)
80,Shimla Pahari Park,Park,Murree,34.1583891,73.1966497,4.3,4051,273.68,"Family, Friends","relaxing, picnic",Low,Summer,"Morning, Evening",Google Maps API (Adaptive AI Filtered Research Model)
81,Qutb-ud-Din Aibak's Tomb,Tourist Attraction,Lahore,31.5747661,74.3136062,4.5,3624,270.9,"Family, Friends",exploring,Medium,All-season,All-day,Google Maps API (Adaptive AI Filtered Research Model)
82,The Mall of Sialkot,Shopping Mall,Sialkot,32.5175917,74.5572021,4.7,4329,269.76,"Family, Friends","shopping, dining",Low,All-season,"Evening, Night",Google Maps API (Adaptive AI Filtered Research Model)
83,Toli Peer,Lake,Murree,33.8866772,73.9189423,4.8,3225,266.91,"Couple, Family","boating, sightseeing",Low,Summer,"Morning, Evening",Google Maps API (Adaptive AI Filtered Research Model)
84,Sir Cunningham Clock Tower,Tourist Attraction,Peshawar,34.0097921,71.5757323,4.4,3675,266.74,"Family, Friends",exploring,Low,All-season,All-day,Google Maps API (Adaptive AI Filtered Research Model)
85,Amazon Mall,Shopping Mall,Islamabad,33.5353406,73.1278191,4.3,3847,266.7,"Family, Friends","shopping, dining",Medium,All-season,"Evening, Night",Google Maps API (Adaptive AI Filtered Research Model)
86,Sami silk center,Shopping Mall,Islamabad,33.5341662,73.1137035,4.2,3879,261.58,"Family, Friends","shopping, dining",Medium,All-season,"Evening, Night",Google Maps API (Adaptive AI Filtered Research Model)
87,Millennium Mall,Shopping Mall,Quetta,30.1993499,67.0204979,4.1,3988,258.92,"Family, Friends","shopping, dining",Low,Winter,"Evening, Night",Google Maps API (Adaptive AI Filtered Research Model)
88,Shah Allah Ditta Caves,Tourist Attraction,Islamabad,33.7220572,72.9151352,4.4,3319,253.49,"Family, Friends",exploring,Medium,All-season,All-day,Google Maps API (Adaptive AI Filtered Research Model)
89,Manthokha Waterfall Resort,Tourist Attraction,Skardu,35.0665497,75.9954857,4.6,3035,253.42,"Family, Friends",exploring,Low,Summer,All-day,Google Maps API (Adaptive AI Filtered Research Model)
90,Fatima Jinnah Garrison Park,Park,Sialkot,32.5130639,74.5292453,4.5,3775,251.91,"Family, Friends","relaxing, picnic",Low,All-season,"Morning, Evening",Google Maps API (Adaptive AI Filtered Research Model)
91,Mushkpuri Peak,Tourist Attraction/Trail,Murree,34.0613947,73.4300986,4.9,2743,246.16,"Family, Friends",exploring,Low,Summer,All-day,Google Maps API (Adaptive AI Filtered Research Model)
92,New City Arcade,Shopping Mall,Wah,33.7375031,72.7221352,4.5,3267,245.78,"Family, Friends","shopping, dining",Low,Summer,"Evening, Night",Google Maps API (Adaptive AI Filtered Research Model)
93,RJ Mall Karachi,Shopping Mall,Karachi,24.9025967,67.1146403,4.1,3566,244.84,"Family, Friends","shopping, dining",Medium,All-season,"Evening, Night",Google Maps API (Adaptive AI Filtered Research Model)
94,Nishat Park,Park,Lahore,31.4953136,74.3865965,4.3,3180,242.48,"Family, Friends","relaxing, picnic",Low,All-season,"Morning, Evening",Google Maps API (Adaptive AI Filtered Research Model)
95,PDA Plaza,Shopping Mall,Peshawar,33.9885056,71.4421812,4.2,3198,237.51,"Family, Friends","shopping, dining",Low,All-season,"Evening, Night",Google Maps API (Adaptive AI Filtered Research Model)
96,Panorama Shopping Center,Shopping Mall,Islamabad,33.6513517,73.0734706,4.1,3353,237.41,"Family, Friends","shopping, dining",Medium,All-season,"Evening, Night",Google Maps API (Adaptive AI Filtered Research Model)
97,Hill View Park,Park,Islamabad,33.7118735,73.0510167,4.6,2547,232.15,"Family, Friends","relaxing, picnic",Low,Summer,"Morning, Evening",Google Maps API (Adaptive AI Filtered Research Model)
98,The Centre Shopping Mall. Gentlemen shop,Shopping Mall,Karachi,24.8542031,67.0288163,4.1,3187,231.46,"Family, Friends","shopping, dining",Medium,All-season,"Evening, Night",Google Maps API (Adaptive AI Filtered Research Model)
99,Madni Mall | Shopping Mall,Shopping Mall,Karachi,24.935991,67.0427494,4.2,2975,229.08,"Family, Friends","shopping, dining",Medium,All-season,"Evening, Night",Google Maps API (Adaptive AI Filtered Research Model)
100,Downtown Lake & Dancing Fountain,Tourist Attraction,Islamabad,33.7169834,73.2036236,4.5,2556,227.51,"Family, Friends",exploring,Medium,All-season,All-day,Google Maps API (Adaptive AI Filtered Research Model)
101,Emerald Tower & Mall,Shopping Mall,Karachi,24.8218871,67.0339444,4.1,3047,226.32,"Family, Friends","shopping, dining",Medium,All-season,"Evening, Night",Google Maps API (Adaptive AI Filtered Research Model)
102,Chauburji,Tourist Attraction,Lahore,31.5539958,74.304654,4.5,2517,225.76,"Family, Friends",exploring,Medium,All-season,All-day,Google Maps API (Adaptive AI Filtered Research Model)
103,Pir Chinasi,Lake,Abbottabad,34.3879078,73.5521261,4.7,2049,212.75,"Couple, Family","boating, sightseeing",Low,Summer,"Morning, Evening",Google Maps API (Adaptive AI Filtered Research Model)
104,Chattar Park,Park,Abbottabad,33.779756,73.2431233,3.9,2964,212.33,"Family, Friends","relaxing, picnic",Low,Summer,"Morning, Evening",Google Maps API (Adaptive AI Filtered Research Model)
105,Harappa Museum Sahiwal,Tourist Attraction,Sahiwal,30.6251959,72.8662174,4.3,2396,210.48,"Family, Friends",exploring,Low,Winter,All-day,Google Maps API (Adaptive AI Filtered Research Model)
106,Quaid e Azam House Museum,Tourist Attraction,Karachi,24.8512608,67.0327375,4.6,2036,207.56,"Family, Friends",exploring,Medium,All-season,All-day,Google Maps API (Adaptive AI Filtered Research Model)
107,Multan Arts Council Park,Park,Multan,30.2050232,71.4506225,4.3,2321,207.16,"Family, Friends","relaxing, picnic",Low,Winter,"Morning, Evening",Google Maps API (Adaptive AI Filtered Research Model)
108,Kumrat Valley Dir,Tourist Attraction,Swat,35.5406209,72.2141473,4.7,1869,203.19,"Family, Friends",exploring,Low,Summer,All-day,Google Maps API (Adaptive AI Filtered Research Model)
109,Bird Park,Lake,Islamabad,33.7141092,73.1328676,4.5,2002,201.35,"Couple, Family","boating, sightseeing",Low,All-season,"Morning, Evening",Google Maps API (Adaptive AI Filtered Research Model)
110,Lahore center,Shopping Mall,Lahore,31.5121901,74.3423238,4.1,2385,200.23,"Family, Friends","shopping, dining",Medium,All-season,"Evening, Night",Google Maps API (Adaptive AI Filtered Research Model)
111,Dolmen Center,Shopping Mall,Karachi,24.8736308,67.0612617,4.1,2355,198.97,"Family, Friends","shopping, dining",Medium,All-season,"Evening, Night",Google Maps API (Adaptive AI Filtered Research Model)
112,Kalam valley,Tourist Attraction,Swat,35.4902022,72.5796331,4.7,1792,198.96,"Family, Friends",exploring,Low,Summer,All-day,Google Maps API (Adaptive AI Filtered Research Model)
113,Imperial Mall,Shopping Mall,Lahore,31.5011737,74.4282807,4.1,2243,194.18,"Family, Friends","shopping, dining",Medium,All-season,"Evening, Night",Google Maps API (Adaptive AI Filtered Research Model)
114,"Harnoi Picnic Point, Abbottabad",Lake,Murree,34.1494407,73.3130349,4.3,1987,191.68,"Couple, Family","boating, sightseeing",Low,Summer,"Morning, Evening",Google Maps API (Adaptive AI Filtered Research Model)
115,Square One Mall,Shopping Mall,Karachi,24.90107,67.1139111,4.4,1867,190.12,"Family, Friends","shopping, dining",Medium,All-season,"Evening, Night",Google Maps API (Adaptive AI Filtered Research Model)
116,City Towers,Shopping Mall,Peshawar,34.0011498,71.4986858,4.2,2019,188.72,"Family, Friends","shopping, dining",Low,All-season,"Evening, Night",Google Maps API (Adaptive AI Filtered Research Model)
117,Takht-i-Bahi Buddhist Monastery,Tourist Attraction,Peshawar,34.2862655,71.9467576,4.5,1746,188.03,"Family, Friends",exploring,Low,All-season,All-day,Google Maps API (Adaptive AI Filtered Research Model)
118,Gold City Mall Quetta,Shopping Mall,Quetta,30.2024365,67.0153962,4,2208,187.96,"Family, Friends","shopping, dining",Low,Winter,"Evening, Night",Google Maps API (Adaptive AI Filtered Research Model)
119,National History Museum,Tourist Attraction,Lahore,31.5947889,74.3118916,4.7,1590,187.41,"Family, Friends",exploring,Medium,All-season,All-day,Google Maps API (Adaptive AI Filtered Research Model)
120,Sea-View Beach,Tourist Attraction,Karachi,24.8028977,67.0087902,4.2,1967,186.27,"Family, Friends",exploring,Medium,All-season,All-day,Google Maps API (Adaptive AI Filtered Research Model)
121,Margalla Hills Islamabad View Point,Mountain,Islamabad,33.7468375,73.0574472,4.8,1461,183.47,"Friends, Adventure","hiking, camping",Medium,All-season,Morning,Google Maps API (Adaptive AI Filtered Research Model)
122,Shahi Eid Ghah Masjid,Tourist Attraction,Multan,30.2112139,71.4789277,4.6,1558,181.57,"Family, Friends",exploring,Low,Winter,All-day,Google Maps API (Adaptive AI Filtered Research Model)
123,Rabi Centre,Shopping Mall,Islamabad,33.6390524,73.0753503,4.3,1772,181.01,"Family, Friends","shopping, dining",Medium,All-season,"Evening, Night",Google Maps API (Adaptive AI Filtered Research Model)
124,The Mega Mall & Residency,Shopping Mall,Karachi,24.9105781,67.126946,4.2,1795,177.94,"Family, Friends","shopping, dining",Medium,All-season,"Evening, Night",Google Maps API (Adaptive AI Filtered Research Model)
125,Abbottabad Chairlift,Tourist Attraction,Abbottabad,34.1936473,73.2901382,4.4,1618,176.99,"Family, Friends",exploring,Low,Summer,All-day,Google Maps API (Adaptive AI Filtered Research Model)
126,Italian Mall,Shopping Mall,Abbottabad,34.1875857,73.2330439,4.2,1737,175.04,"Family, Friends","shopping, dining",Low,Summer,"Evening, Night",Google Maps API (Adaptive AI Filtered Research Model)
127,Defence Mall,Shopping Mall,Karachi,24.8339326,67.0747636,4.1,1813,174.58,"Family, Friends","shopping, dining",Medium,All-season,"Evening, Night",Google Maps API (Adaptive AI Filtered Research Model)
128,Iqbal House,Tourist Attraction,Sialkot,32.4915247,74.5430541,4.7,1316,170.5,"Family, Friends",exploring,Low,All-season,All-day,Google Maps API (Adaptive AI Filtered Research Model)
129,Tomb of Noor Jahan,Tourist Attraction,Lahore,31.6209568,74.2945453,4.4,1478,169.16,"Family, Friends",exploring,Medium,All-season,All-day,Google Maps API (Adaptive AI Filtered Research Model)
130,Hazuri Bagh,Tourist Attraction,Lahore,31.5884117,74.3118295,4.6,1339,168.32,"Family, Friends",exploring,Medium,All-season,All-day,Google Maps API (Adaptive AI Filtered Research Model)
131,Shakarparian View Point,Tourist Attraction,Islamabad,33.6944473,73.0782203,4.5,1324,163.74,"Family, Friends",exploring,Medium,All-season,All-day,Google Maps API (Adaptive AI Filtered Research Model)
132,Siri Paye,Tourist Attraction,Shogran,34.6178834,73.4836848,4.7,1211,163.56,"Family, Friends",exploring,Low,Summer,All-day,Google Maps API (Adaptive AI Filtered Research Model)
133,Gur Mandi,Shopping Mall,Peshawar,34.0171516,71.5784699,4.2,1474,161.25,"Family, Friends","shopping, dining",Low,All-season,"Evening, Night",Google Maps API (Adaptive AI Filtered Research Model)
134,Wazir Mansion (Quaid-E-Azam Place),Tourist Attraction,Karachi,24.8509187,66.9973972,4.5,1265,160.05,"Family, Friends",exploring,Medium,All-season,All-day,Google Maps API (Adaptive AI Filtered Research Model)
135,WATERFALL NATHIAGALI Relax in cottage,Lake,Murree,34.0922451,73.3950567,4.2,1441,159.43,"Couple, Family","boating, sightseeing",Low,Summer,"Morning, Evening",Google Maps API (Adaptive AI Filtered Research Model)
136,Noori Waterfall,Tourist Attraction,Islamabad,33.8935079,73.1176521,4.5,1198,155.75,"Family, Friends",exploring,Medium,All-season,All-day,Google Maps API (Adaptive AI Filtered Research Model)
137,Sheesh Mahal Lahore,Tourist Attraction,Lahore,31.5899396,74.3131807,4.5,1196,155.62,"Family, Friends",exploring,Medium,All-season,All-day,Google Maps API (Adaptive AI Filtered Research Model)
138,Amar Mahal Museum and Library,Tourist Attraction,Sialkot,32.7477098,74.8722927,4.2,1328,153.06,"Family, Friends",exploring,Low,All-season,All-day,Google Maps API (Adaptive AI Filtered Research Model)
139,Sector J Park DHA,Park,Lahore,31.4603446,74.4139268,4.4,1209,152.99,"Family, Friends","relaxing, picnic",Low,All-season,"Morning, Evening",Google Maps API (Adaptive AI Filtered Research Model)
140,Pindi Point Chair Lift Murree,Tourist Attraction,Islamabad,33.8955017,73.3686863,4.4,1195,152.1,"Family, Friends",exploring,Medium,All-season,All-day,Google Maps API (Adaptive AI Filtered Research Model)
141,Dhanni Waterfall,Tourist Attraction,Abbottabad,34.4241125,73.6911094,4.3,1177,147.52,"Family, Friends",exploring,Low,Summer,All-day,Google Maps API (Adaptive AI Filtered Research Model)
142,Sector A-1 Jinnah Park,Park,Lahore,31.4572071,74.3197042,4.5,1056,146.23,"Family, Friends","relaxing, picnic",Low,All-season,"Morning, Evening",Google Maps API (Adaptive AI Filtered Research Model)
143,Jaulian Buddhist Stupa & Monastery,Tourist Attraction,Islamabad,33.7649588,72.8747358,4.6,989,144.66,"Family, Friends",exploring,Medium,All-season,All-day,Google Maps API (Adaptive AI Filtered Research Model)
144,Seaview Beach Karachi,Tourist Attraction,Karachi,24.7612719,67.0655696,4.4,1061,143.32,"Family, Friends",exploring,Medium,All-season,All-day,Google Maps API (Adaptive AI Filtered Research Model)
145,Nagrota Park,Park,Sialkot,32.7425783,74.8678702,3.8,1405,142.44,"Family, Friends","relaxing, picnic",Low,All-season,"Morning, Evening",Google Maps API (Adaptive AI Filtered Research Model)
146,Sher Shah Park,Park,Wah,33.7672841,72.7644842,4.3,1091,142.03,"Family, Friends","relaxing, picnic",Low,Summer,"Morning, Evening",Google Maps API (Adaptive AI Filtered Research Model)
147,Main Park PGECHS,Park,Lahore,31.4414805,74.2861285,4.4,1036,141.62,"Family, Friends","relaxing, picnic",Low,All-season,"Morning, Evening",Google Maps API (Adaptive AI Filtered Research Model)
148,Pehchan Mall,Shopping Mall,Islamabad,33.5956607,73.0518561,4.1,1173,140.42,"Family, Friends","shopping, dining",Medium,All-season,"Evening, Night",Google Maps API (Adaptive AI Filtered Research Model)
149,Passu Cones Viewpoint,Tourist Attraction,Hunza,36.4927743,74.8805713,4.8,849,139.86,"Family, Friends",exploring,Low,Summer,All-day,Google Maps API (Adaptive AI Filtered Research Model)
150,Time Square Plaza,Shopping Mall,Islamabad,33.6673303,73.0754093,4.4,998,139,"Family, Friends","shopping, dining",Medium,All-season,"Evening, Night",Google Maps API (Adaptive AI Filtered Research Model)
151,Pak China Mall,Shopping Mall,Islamabad,33.6892751,73.0340071,4.2,1079,137.96,"Family, Friends","shopping, dining",Medium,All-season,"Evening, Night",Google Maps API (Adaptive AI Filtered Research Model)
152,Rustam Park,Park,Lahore,31.5440408,74.2928457,4.2,1076,137.77,"Family, Friends","relaxing, picnic",Low,All-season,"Morning, Evening",Google Maps API (Adaptive AI Filtered Research Model)
153,Head Marala - Chenab View Point,Tourist Attraction,Sialkot,32.6697401,74.4666241,4.4,973,137.25,"Family, Friends",exploring,Low,All-season,All-day,Google Maps API (Adaptive AI Filtered Research Model)
154,Yakki Gate,Tourist Attraction,Lahore,31.5832933,74.3278939,4.4,971,137.11,"Family, Friends",exploring,Medium,All-season,All-day,Google Maps API (Adaptive AI Filtered Research Model)
155,Sangrela Natural Water Park,Park,Murree,33.8551704,73.3749939,4.3,993,135.5,"Family, Friends","relaxing, picnic",Low,Summer,"Morning, Evening",Google Maps API (Adaptive AI Filtered Research Model)
156,Loh-e-Dandi Chillahgah,Mountain,Murree,33.7686875,73.1211875,4.6,861,134.98,"Friends, Adventure","hiking, camping",High,Summer,Morning,Google Maps API (Adaptive AI Filtered Research Model)
157,Basho Valley (Sultanabad Medow),Tourist Attraction,Skardu,35.4531861,75.3108625,4.8,770,133.19,"Family, Friends",exploring,Low,Summer,All-day,Google Maps API (Adaptive AI Filtered Research Model)
158,Lahore Global Village,Tourist Attraction,Lahore,31.4605362,74.2901915,4.1,1048,132.73,"Family, Friends",exploring,Medium,All-season,All-day,Google Maps API (Adaptive AI Filtered Research Model)
159,Iqbal Museum,Tourist Attraction,Lahore,31.5693093,74.3405099,4.7,792,132.27,"Family, Friends",exploring,Medium,All-season,All-day,Google Maps API (Adaptive AI Filtered Research Model)
160,Jarogo Waterfall Swat Valley,Tourist Attraction,Swat,35.1019371,72.2132092,4.6,822,131.88,"Family, Friends",exploring,Low,Summer,All-day,Google Maps API (Adaptive AI Filtered Research Model)
161,Arif Javed Rao Park,Park,Abbottabad,33.7050884,72.9810076,4.4,897,131.78,"Family, Friends","relaxing, picnic",Low,Summer,"Morning, Evening",Google Maps API (Adaptive AI Filtered Research Model)
163,Ankara Park,Park,Murree,33.6917456,73.1123789,4.3,916,130.14,"Family, Friends","relaxing, picnic",Low,Summer,"Morning, Evening",Google Maps API (Adaptive AI Filtered Research Model)
164,College Chowk,Tourist Attraction,Sahiwal,30.6731158,73.0925252,4.3,903,129.21,"Family, Friends",exploring,Low,Winter,All-day,Google Maps API (Adaptive AI Filtered Research Model)
165,Faisal Park Mumtazabad,Park,Multan,30.1725534,71.485684,4.1,990,129,"Family, Friends","relaxing, picnic",Low,Winter,"Morning, Evening",Google Maps API (Adaptive AI Filtered Research Model)
166,Faqeer Khana Museum,Tourist Attraction,Lahore,31.5832046,74.3096505,4.4,858,128.88,"Family, Friends",exploring,Medium,All-season,All-day,Google Maps API (Adaptive AI Filtered Research Model)
167,Muhammad Bin Qasim Park,Park,Islamabad,33.6650909,73.0653856,4.2,929,128.01,"Family, Friends","relaxing, picnic",Low,All-season,"Morning, Evening",Google Maps API (Adaptive AI Filtered Research Model)
168,Chenab Park,Park,Multan,30.0737387,71.3140395,4,1020,127.75,"Family, Friends","relaxing, picnic",Low,Winter,"Morning, Evening",Google Maps API (Adaptive AI Filtered Research Model)
169,Jheel Park,Park,Karachi,24.8706875,67.0620625,4.3,882,127.7,"Family, Friends","relaxing, picnic",Low,All-season,"Morning, Evening",Google Maps API (Adaptive AI Filtered Research Model)
170,Harnoi Waterfall,Tourist Attraction,Murree,34.1368477,73.3226873,4.3,882,127.7,"Family, Friends",exploring,Low,Summer,All-day,Google Maps API (Adaptive AI Filtered Research Model)
171,G-9/4 Park,Park,Islamabad,33.6867723,73.0407122,4.2,922,127.53,"Family, Friends","relaxing, picnic",Low,All-season,"Morning, Evening",Google Maps API (Adaptive AI Filtered Research Model)
172,Baradari,Tourist Attraction,Islamabad,33.6969444,73.0175,4.2,792,126.64,"Family, Friends",exploring,Medium,All-season,All-day,Google Maps API (Adaptive AI Filtered Research Model)
173,Margalla Hills National Park,Mountain,Islamabad,33.7480588,73.0051055,4.6,753,126.23,"Friends, Adventure","hiking, camping",Medium,All-season,Morning,Google Maps API (Adaptive AI Filtered Research Model)
174,Clock Tower,Tourist Attraction,Lahore,31.362867,74.1864081,4.5,753,123.48,"Family, Friends",exploring,Medium,All-season,All-day,Google Maps API (Adaptive AI Filtered Research Model)
175,Askari 7 Park,Park,Islamabad,33.5613005,73.0629406,4.1,902,123.14,"Family, Friends","relaxing, picnic",Low,All-season,"Morning, Evening",Google Maps API (Adaptive AI Filtered Research Model)
176,Jammu Srinagar Highway View Point,Tourist Attraction,Sialkot,32.8330442,74.9314057,4.5,743,122.66,"Family, Friends",exploring,Low,All-season,All-day,Google Maps API (Adaptive AI Filtered Research Model)
177,Jamsheed Ansari Park,Park,Karachi,24.9315166,67.1050363,4.3,798,121.47,"Family, Friends","relaxing, picnic",Low,All-season,"Morning, Evening",Google Maps API (Adaptive AI Filtered Research Model)
178,"Namli Maira Waterfall, Namli Maira",Tourist Attraction,Murree,34.0933181,73.3970843,4.2,834,121.29,"Family, Friends",exploring,Low,Summer,All-day,Google Maps API (Adaptive AI Filtered Research Model)
179,Katpana Desert,Tourist Attraction,Skardu,35.315784,75.5996709,4.6,694,121.18,"Family, Friends",exploring,Low,Summer,All-day,Google Maps API (Adaptive AI Filtered Research Model)
180,Lughmani Hill View Point,Tourist Attraction,Murree,34.3364287,73.2119817,4.5,724,121.08,"Family, Friends",exploring,Low,Summer,All-day,Google Maps API (Adaptive AI Filtered Research Model)
181,Bilal Park,Park,Murree,33.635806,73.0717022,4.3,786,120.55,"Family, Friends","relaxing, picnic",Low,Summer,"Morning, Evening",Google Maps API (Adaptive AI Filtered Research Model)
182,Church Park Nathia Gali,Park,Murree,34.0715961,73.3920991,4.3,785,120.48,"Family, Friends","relaxing, picnic",Low,Summer,"Morning, Evening",Google Maps API (Adaptive AI Filtered Research Model)
183,Patriata Chair Lift - Upper Terminal,Tourist Attraction,Murree,33.8693557,73.4698701,4.3,757,118.31,"Family, Friends",exploring,Low,Summer,All-day,Google Maps API (Adaptive AI Filtered Research Model)
184,Siran Valley Mansehra,Tourist Attraction,Abbottabad,34.4862804,73.2661485,4.4,718,117.9,"Family, Friends",exploring,Low,Summer,All-day,Google Maps API (Adaptive AI Filtered Research Model)
185,Umer Block Park,Park,Lahore,31.5084688,74.2843493,4.2,780,117.3,"Family, Friends","relaxing, picnic",Low,All-season,"Morning, Evening",Google Maps API (Adaptive AI Filtered Research Model)
186,Mall of Wah,Shopping Mall,Islamabad,33.7581687,72.7385457,4.3,743,117.21,"Family, Friends","shopping, dining",Medium,All-season,"Evening, Night",Google Maps API (Adaptive AI Filtered Research Model)
187,Sarfaranga Cold Desert Shigar,Tourist Attraction,Skardu,35.3140009,75.7520444,4.6,647,117.01,"Family, Friends",exploring,Low,Summer,All-day,Google Maps API (Adaptive AI Filtered Research Model)
188,Masti Gate,Tourist Attraction,Lahore,31.5875135,74.3168731,4.4,702,116.58,"Family, Friends",exploring,Medium,All-season,All-day,Google Maps API (Adaptive AI Filtered Research Model)
189,Park,Park,Islamabad,33.6793694,73.0265636,4.2,701,116.5,"Family, Friends","relaxing, picnic",Low,All-season,"Morning, Evening",Google Maps API (Adaptive AI Filtered Research Model)
190,Madina Park,Park,Islamabad,33.7140693,73.0327097,4.4,694,115.91,"Family, Friends","relaxing, picnic",Low,All-season,"Morning, Evening",Google Maps API (Adaptive AI Filtered Research Model)
191,Baradari of Kamran Mirza,Tourist Attraction,Lahore,31.6067636,74.2936703,4.2,756,115.48,"Family, Friends",exploring,Medium,All-season,All-day,Google Maps API (Adaptive AI Filtered Research Model)
192,Hussaini Bridge Viewpoint,Tourist Attraction,Hunza,36.4221795,74.8796814,4.6,618,114.35,"Family, Friends",exploring,Low,Summer,All-day,Google Maps API (Adaptive AI Filtered Research Model)
193,Mubarak Mandi Park,Park,Sialkot,32.7393379,74.8745093,4.2,740,114.25,"Family, Friends","relaxing, picnic",Low,All-season,"Morning, Evening",Google Maps API (Adaptive AI Filtered Research Model)
194,Dharmarajika Stupa And Monastery,Tourist Attraction,Islamabad,33.7445712,72.8421734,4.5,644,114.2,"Family, Friends",exploring,Medium,All-season,All-day,Google Maps API (Adaptive AI Filtered Research Model)
195,Kharphocho Fort,Tourist Attraction,Skardu,35.3041366,75.6394362,4.4,661,113.12,"Family, Friends",exploring,Low,Summer,All-day,Google Maps API (Adaptive AI Filtered Research Model)
196,Jhajjar kotli picnic spot,Tourist Attraction,Sialkot,32.8952573,74.9614898,4.1,759,112.95,"Family, Friends",exploring,Low,All-season,All-day,Google Maps API (Adaptive AI Filtered Research Model)
197,Central Park,Park,Lahore,31.4473412,74.3989054,4.3,684,112.46,"Family, Friends","relaxing, picnic",Low,All-season,"Morning, Evening",Google Maps API (Adaptive AI Filtered Research Model)
198,Ground,Park,Sialkot,32.2355625,74.1449375,4.3,673,111.55,"Family, Friends","relaxing, picnic",Low,All-season,"Morning, Evening",Google Maps API (Adaptive AI Filtered Research Model)
199,Murree Point Mall,Tourist Attraction,Islamabad,33.9035385,73.3906708,4.4,642,111.49,"Family, Friends",exploring,Medium,All-season,All-day,Google Maps API (Adaptive AI Filtered Research Model)
200,Nawaz Sharif Park,Park,Lahore,31.467288,74.4325667,4.2,702,111.28,"Family, Friends","relaxing, picnic",Low,All-season,"Morning, Evening",Google Maps API (Adaptive AI Filtered Research Model)
201,Jaaz Banda,Hiking/Trail,Swat,35.3971875,72.3051875,4.6,585,111.26,"Friends, Adventure","hiking, adventure, camping",Low,Summer,Morning,Google Maps API (Adaptive AI Filtered Research Model)
202,Turtle Beach Karachi,Tourist Attraction,Karachi,24.8506902,66.8868759,4.5,609,111.05,"Family, Friends",exploring,Medium,All-season,All-day,Google Maps API (Adaptive AI Filtered Research Model)
203,"Neelam Point lovers, Pakistan",Lake,Murree,34.0962908,73.498562,4.4,637,111.05,"Couple, Family","boating, sightseeing",Low,Summer,"Morning, Evening",Google Maps API (Adaptive AI Filtered Research Model)
204,Liberty Mall,Shopping Mall,Peshawar,34.0085457,71.5112095,4.2,690,110.32,"Family, Friends","shopping, dining",Low,All-season,"Evening, Night",Google Maps API (Adaptive AI Filtered Research Model)
205,Italian Shopping Mall,Shopping Mall,Islamabad,33.9953618,72.9430751,4.1,720,110.01,"Family, Friends","shopping, dining",Medium,All-season,"Evening, Night",Google Maps API (Adaptive AI Filtered Research Model)
206,Crystal Mall,Shopping Mall,Multan,30.2133779,71.4724716,4,754,109.84,"Family, Friends","shopping, dining",Low,Winter,"Evening, Night",Google Maps API (Adaptive AI Filtered Research Model)
207,Canan Park Sahiwal,Park,Sahiwal,30.6572501,73.1037946,4.1,715,109.63,"Family, Friends","relaxing, picnic",Low,Winter,"Morning, Evening",Google Maps API (Adaptive AI Filtered Research Model)
208,Tenth Avenue Mall,Shopping Mall,Lahore,31.5192286,74.3523219,4.3,586,108.93,"Family, Friends","shopping, dining",Medium,All-season,"Evening, Night",Google Maps API (Adaptive AI Filtered Research Model)
209,Bolan Welfare Shopping Complex,Shopping Mall,Quetta,30.2112095,67.0350746,4.1,704,108.79,"Family, Friends","shopping, dining",Low,Winter,"Evening, Night",Google Maps API (Adaptive AI Filtered Research Model)
210,Jinnah Park,Park,Lahore,31.4766858,74.2529631,4.3,637,108.53,"Family, Friends","relaxing, picnic",Low,All-season,"Morning, Evening",Google Maps API (Adaptive AI Filtered Research Model)
211,Welcome to Passu Sign & Glacier Viewpoint,Tourist Attraction,Hunza,36.4554271,74.9015792,4.8,509,108.29,"Family, Friends",exploring,Low,Summer,All-day,Google Maps API (Adaptive AI Filtered Research Model)
212,Tramri Commercial Center,Shopping Mall,Islamabad,33.642125,73.1656287,4.1,695,108.09,"Family, Friends","shopping, dining",Medium,All-season,"Evening, Night",Google Maps API (Adaptive AI Filtered Research Model)
213,Tomb of Nadira Begum,Tourist Attraction,Lahore,31.5483134,74.3619146,4.4,603,108.05,"Family, Friends",exploring,Medium,All-season,All-day,Google Maps API (Adaptive AI Filtered Research Model)
214,The MOI Mall,Shopping Mall,Islamabad,33.683058,72.9898448,4.3,630,107.93,"Family, Friends","shopping, dining",Medium,All-season,"Evening, Night",Google Maps API (Adaptive AI Filtered Research Model)
215,Dunga Gali,Tourist Attraction,Murree,34.0515355,73.4060013,4.7,521,107.28,"Family, Friends",exploring,Low,Summer,All-day,Google Maps API (Adaptive AI Filtered Research Model)
216,Chenab Block Park,Park,Lahore,31.5214701,74.2966043,4.1,667,105.89,"Family, Friends","relaxing, picnic",Low,All-season,"Morning, Evening",Google Maps API (Adaptive AI Filtered Research Model)
217,Bissa Waterfall,Tourist Attraction,Islamabad,33.7400216,73.3829047,4.4,553,103.47,"Family, Friends",exploring,Medium,All-season,All-day,Google Maps API (Adaptive AI Filtered Research Model)
218,NESPAK Park,Park,Lahore,31.4357204,74.2812617,4.4,552,103.38,"Family, Friends","relaxing, picnic",Low,All-season,"Morning, Evening",Google Maps API (Adaptive AI Filtered Research Model)
219,F-11/2 Park,Park,Islamabad,33.6848684,72.9827779,4.3,576,103.2,"Family, Friends","relaxing, picnic",Low,Summer,"Morning, Evening",Google Maps API (Adaptive AI Filtered Research Model)
220,Bansara Gali Chair Lift,Tourist Attraction,Islamabad,33.89505,73.3682,4.4,536,101.87,"Family, Friends",exploring,Medium,All-season,All-day,Google Maps API (Adaptive AI Filtered Research Model)
221,Sarwar Park,Park,Murree,33.5895855,73.0587732,4,648,101.82,"Family, Friends","relaxing, picnic",Low,Summer,"Morning, Evening",Google Maps API (Adaptive AI Filtered Research Model)
222,Argentina Park,Park,Islamabad,33.7195945,73.0838928,4.3,560,101.76,"Family, Friends","relaxing, picnic",Low,All-season,"Morning, Evening",Google Maps API (Adaptive AI Filtered Research Model)
223,Karimabad Bazar,Tourist Attraction,Hunza,36.3257123,74.6692091,4.4,528,101.1,"Family, Friends",exploring,Low,Summer,All-day,Google Maps API (Adaptive AI Filtered Research Model)
224,Gabeen Jabba,Tourist Attraction,Swat,35.1722865,72.3744338,4.6,482,100.99,"Family, Friends",exploring,Low,Summer,All-day,Google Maps API (Adaptive AI Filtered Research Model)
225,Chaar Minar Chowrangi,Tourist Attraction,Karachi,24.8823007,67.0672551,4.5,498,100.42,"Family, Friends",exploring,Medium,All-season,All-day,Google Maps API (Adaptive AI Filtered Research Model)
226,Chenab West Bank Park,Tourist Attraction,Multan,30.0750588,71.2812584,4.1,594,99.93,"Family, Friends",exploring,Low,Winter,All-day,Google Maps API (Adaptive AI Filtered Research Model)
227,Jaffaria Park,Park,Lahore,31.5379649,74.2806355,4.1,594,99.93,"Family, Friends","relaxing, picnic",Low,All-season,"Morning, Evening",Google Maps API (Adaptive AI Filtered Research Model)
228,Kinara Park,Park,Murree,33.6951093,73.1349939,4.3,535,99.46,"Family, Friends","relaxing, picnic",Low,Summer,"Morning, Evening",Google Maps API (Adaptive AI Filtered Research Model)
229,Park Paragon City,Park,Lahore,31.5311749,74.4582939,4.3,523,98.34,"Family, Friends","relaxing, picnic",Low,All-season,"Morning, Evening",Google Maps API (Adaptive AI Filtered Research Model)
230,Faisal Hills Arc Monument,Tourist Attraction,Islamabad,33.7104152,72.7922756,4.3,437,98.25,"Family, Friends",exploring,Medium,All-season,All-day,Google Maps API (Adaptive AI Filtered Research Model)
231,Shahi Bagh,Lake,Swat,35.5671122,72.342005,4.6,453,97.91,"Couple, Family","boating, sightseeing",Low,Summer,"Morning, Evening",Google Maps API (Adaptive AI Filtered Research Model)
232,Kumrat Waterfall,Waterfall,Swat,35.5701216,72.1929166,4.6,452,97.8,"Friends, Adventure","sightseeing, photography",Low,Summer,"Morning, Evening",Google Maps API (Adaptive AI Filtered Research Model)
233,Parade Lane Park,Park,Islamabad,33.5978985,73.0373503,4.3,513,97.39,"Family, Friends","relaxing, picnic",Low,All-season,"Morning, Evening",Google Maps API (Adaptive AI Filtered Research Model)
234,Flora Park,Park,Lahore,31.4718569,74.369469,4.3,507,96.82,"Family, Friends","relaxing, picnic",Low,All-season,"Morning, Evening",Google Maps API (Adaptive AI Filtered Research Model)
235,F-6/1 Park,Park,Islamabad,33.7230863,73.0717871,4.4,484,96.8,"Family, Friends","relaxing, picnic",Low,All-season,"Morning, Evening",Google Maps API (Adaptive AI Filtered Research Model)
236,Babu Sabu,Park,Lahore,31.5392234,74.2605588,4.3,503,96.44,"Family, Friends","relaxing, picnic",Low,All-season,"Morning, Evening",Google Maps API (Adaptive AI Filtered Research Model)
237,City Park Skardu,Park,Skardu,35.2842779,75.6438815,4.2,520,95.77,"Family, Friends","relaxing, picnic",Low,Summer,"Morning, Evening",Google Maps API (Adaptive AI Filtered Research Model)
238,Lake view park,Park,Abbottabad,33.7318009,72.8350891,4.4,471,95.49,"Family, Friends","relaxing, picnic",Low,Summer,"Morning, Evening",Google Maps API (Adaptive AI Filtered Research Model)
239,Noorabad Waterfall,Tourist Attraction,Murree,33.6847428,73.5287523,4.5,446,95.03,"Family, Friends",exploring,Low,Summer,All-day,Google Maps API (Adaptive AI Filtered Research Model)
240,Paye Meadows,Tourist Attraction,Abbottabad,34.6115663,73.4830008,4.8,390,94.79,"Family, Friends",exploring,Low,Summer,All-day,Google Maps API (Adaptive AI Filtered Research Model)
241,"Blue Lake, Nalter",Tourist Attraction,Hunza,36.2365201,74.1002887,4.7,406,94.7,"Family, Friends",exploring,Low,Summer,All-day,Google Maps API (Adaptive AI Filtered Research Model)
242,Islamabad View Point,Lake,Murree,33.6937045,73.0677975,4,556,94.32,"Couple, Family","boating, sightseeing",Low,Summer,"Morning, Evening",Google Maps API (Adaptive AI Filtered Research Model)
243,"Ladies Park, Kanju Township",Park,Swat,34.8311837,72.3420276,4.2,504,94.29,"Family, Friends","relaxing, picnic",Low,Summer,"Morning, Evening",Google Maps API (Adaptive AI Filtered Research Model)
244,Hussaini Suspension Bridge,Tourist Attraction,Hunza,36.4233709,74.8816199,4.7,400,94,"Family, Friends",exploring,Low,Summer,All-day,Google Maps API (Adaptive AI Filtered Research Model)
245,Deosai Plains,Park,Skardu,35.0264864,75.4135822,4.8,383,93.94,"Family, Friends","relaxing, picnic",Low,Summer,"Morning, Evening",Google Maps API (Adaptive AI Filtered Research Model)
246,Matiltan/Ushu Waterfall,Tourist Attraction,Swat,35.6379848,72.6858553,4.6,411,93.26,"Family, Friends",exploring,Low,Summer,All-day,Google Maps API (Adaptive AI Filtered Research Model)
247,Manthal Buddha Rock,Tourist Attraction,Skardu,35.2685451,75.6336077,4.3,470,93.22,"Family, Friends",exploring,Low,Summer,All-day,Google Maps API (Adaptive AI Filtered Research Model)
248,Cham Waterfall,Mountain,Murree,34.1869889,73.9104474,4.7,393,93.17,"Friends, Adventure","hiking, camping",High,Summer,Morning,Google Maps API (Adaptive AI Filtered Research Model)
249,Swiss Avenue F-7/4 Park,Park,Abbottabad,33.7213798,73.0672753,4.4,440,92.3,"Family, Friends","relaxing, picnic",Low,Summer,"Morning, Evening",Google Maps API (Adaptive AI Filtered Research Model)
250,Faisal Park Chowk,Park,Lahore,31.5723393,74.3922713,4.2,483,92.3,"Family, Friends","relaxing, picnic",Low,All-season,"Morning, Evening",Google Maps API (Adaptive AI Filtered Research Model)
251,Sabri Waterfall,Tourist Attraction,Murree,34.122916,73.4770892,4.5,416,91.78,"Family, Friends",exploring,Low,Summer,All-day,Google Maps API (Adaptive AI Filtered Research Model)
252,Hunza valley Temperature right now Pakistan,Tourist Attraction,Hunza,36.319253,74.6668712,4.7,381,91.74,"Family, Friends",exploring,Low,Summer,All-day,Google Maps API (Adaptive AI Filtered Research Model)
253,Rawal Town Public Park,Park,Islamabad,33.6867999,73.1147496,4.3,448,91.01,"Family, Friends","relaxing, picnic",Low,All-season,"Morning, Evening",Google Maps API (Adaptive AI Filtered Research Model)
254,Mall of KPK,Shopping Mall,Peshawar,34.0010148,71.4971761,4.3,445,90.71,"Family, Friends","shopping, dining",Low,All-season,"Evening, Night",Google Maps API (Adaptive AI Filtered Research Model)
255,Hassan Park,Park,Lahore,31.4306574,74.2911039,4.1,486,90.39,"Family, Friends","relaxing, picnic",Low,All-season,"Morning, Evening",Google Maps API (Adaptive AI Filtered Research Model)
256,Town hall,Tourist Attraction,Sahiwal,30.3421671,73.386262,4.2,457,89.79,"Family, Friends",exploring,Low,Winter,All-day,Google Maps API (Adaptive AI Filtered Research Model)
257,Kalam Glacier,Lake,Swat,35.6053979,72.6896195,4.6,381,89.79,"Couple, Family","boating, sightseeing",Low,Summer,"Morning, Evening",Google Maps API (Adaptive AI Filtered Research Model)
258,Shahbaz Sharif Forest Park,Tourist Attraction,Sahiwal,30.636611,73.480739,4.2,455,89.59,"Family, Friends",exploring,Low,Winter,All-day,Google Maps API (Adaptive AI Filtered Research Model)
259,Eagle?? Nest Point,Tourist Attraction,Hunza,36.3244352,74.6902738,4.3,363,89.55,"Family, Friends",exploring,Low,Summer,All-day,Google Maps API (Adaptive AI Filtered Research Model)
260,Jabbri Bridge KPK,Tourist Attraction,Islamabad,33.8957618,73.1627144,4.5,394,89.32,"Family, Friends",exploring,Medium,All-season,All-day,Google Maps API (Adaptive AI Filtered Research Model)
261,Sajikot Waterfall,Waterfall,Islamabad,34.0009207,73.2776259,4.5,383,88.07,"Friends, Adventure","sightseeing, photography",Low,All-season,"Morning, Evening",Google Maps API (Adaptive AI Filtered Research Model)
262,Rahat Park,Park,Sahiwal,30.5298082,72.6924187,4.1,460,87.94,"Family, Friends","relaxing, picnic",Low,Winter,"Morning, Evening",Google Maps API (Adaptive AI Filtered Research Model)
263,Media Town D Block Park,Park,Murree,33.5585757,73.1257028,4.2,430,87.09,"Family, Friends","relaxing, picnic",Low,Summer,"Morning, Evening",Google Maps API (Adaptive AI Filtered Research Model)
264,Saifullah Lake,Lake,Swat,35.7211135,72.6439495,4.7,343,87.05,"Couple, Family","boating, sightseeing",Low,Summer,"Morning, Evening",Google Maps API (Adaptive AI Filtered Research Model)
265,Park D-block,Park,Lahore,31.4314885,74.3426602,4.2,429,86.99,"Family, Friends","relaxing, picnic",Low,All-season,"Morning, Evening",Google Maps API (Adaptive AI Filtered Research Model)
266,Tanki Wala Park,Park,Sahiwal,30.674044,73.079932,3.9,495,86.77,"Family, Friends","relaxing, picnic",Low,Winter,"Morning, Evening",Google Maps API (Adaptive AI Filtered Research Model)
267,Walayat Abad Playground,Park,Multan,30.1762094,71.4467445,4.1,447,86.68,"Family, Friends","relaxing, picnic",Low,Winter,"Morning, Evening",Google Maps API (Adaptive AI Filtered Research Model)
268,Shumber Waterfall,Tourist Attraction,Islamabad,33.7880127,73.1517393,4.3,406,86.64,"Family, Friends",exploring,Medium,All-season,All-day,Google Maps API (Adaptive AI Filtered Research Model)
269,Margalla Town Phase-2 Park,Park,Murree,33.6665171,73.104463,4.5,367,86.21,"Family, Friends","relaxing, picnic",Low,Summer,"Morning, Evening",Google Maps API (Adaptive AI Filtered Research Model)
270,Sukh chayn,Park,Abbottabad,33.713598,73.0996893,4.6,343,85.19,"Family, Friends","relaxing, picnic",Low,Summer,"Morning, Evening",Google Maps API (Adaptive AI Filtered Research Model)
271,Citi Shopper Super Mall,Shopping Mall,Islamabad,33.994159,72.9232232,4.1,431,85.12,"Family, Friends","shopping, dining",Medium,All-season,"Evening, Night",Google Maps API (Adaptive AI Filtered Research Model)
272,Doonga park,Park,Lahore,31.419598,74.3650241,4.1,419,83.92,"Family, Friends","relaxing, picnic",Low,All-season,"Morning, Evening",Google Maps API (Adaptive AI Filtered Research Model)
273,Executive Lodges Park,Park,Islamabad,33.5468412,73.1189499,4.4,359,83.37,"Family, Friends","relaxing, picnic",Low,All-season,"Morning, Evening",Google Maps API (Adaptive AI Filtered Research Model)
274,Chaukhandi Tombs,Tourist Attraction,Karachi,24.8643838,67.2714356,4.4,359,83.37,"Family, Friends",exploring,Medium,All-season,All-day,Google Maps API (Adaptive AI Filtered Research Model)
275,Badgoi Pass,Mountain,Swat,35.4938888,72.3614633,4.8,300,83.14,"Friends, Adventure","hiking, camping",High,Summer,Morning,Google Maps API (Adaptive AI Filtered Research Model)
276,Bahu Fort Park,Park,Sialkot,32.7249255,74.8768727,4.3,366,82.26,"Family, Friends","relaxing, picnic",Low,All-season,"Morning, Evening",Google Maps API (Adaptive AI Filtered Research Model)
277,Dinosaur Park,Park,Murree,33.5735194,73.1105682,4.3,365,82.15,"Family, Friends","relaxing, picnic",Low,Summer,"Morning, Evening",Google Maps API (Adaptive AI Filtered Research Model)
278,Sok Valley,Tourist Attraction,Skardu,35.4160991,75.4444091,4.7,304,81.95,"Family, Friends",exploring,Low,Summer,All-day,Google Maps API (Adaptive AI Filtered Research Model)
279,Qasim Bagh,Tourist Attraction,Multan,30.1998429,71.4750366,4.3,362,81.81,"Family, Friends",exploring,Low,Winter,All-day,Google Maps API (Adaptive AI Filtered Research Model)
280,"Urak Valley,Quetta",Tourist Attraction,Quetta,30.2754484,67.1922814,4.3,361,81.7,"Family, Friends",exploring,Low,Winter,All-day,Google Maps API (Adaptive AI Filtered Research Model)
281,Deosai Top & Sadpara Broque,Park,Skardu,35.0891844,75.5425021,4.7,300,81.41,"Family, Friends","relaxing, picnic",Low,Summer,"Morning, Evening",Google Maps API (Adaptive AI Filtered Research Model)
282,Margalla Town Phase 1 DSF Park,Park,Islamabad,33.6747664,73.1081628,4.5,327,81.37,"Family, Friends","relaxing, picnic",Low,All-season,"Morning, Evening",Google Maps API (Adaptive AI Filtered Research Model)
283,Sethi House Museum,Tourist Attraction,Peshawar,34.0092426,71.5785648,4.5,327,81.37,"Family, Friends",exploring,Low,All-season,All-day,Google Maps API (Adaptive AI Filtered Research Model)
284,Frenzy Tours | Pakistan Tour Packages,Tourist Attraction,Karachi,24.9374697,67.0419645,4.9,273,80.96,"Family, Friends",exploring,Medium,All-season,All-day,Google Maps API (Adaptive AI Filtered Research Model)
285,Deosai Top,Tourist Attraction,Skardu,35.0817823,75.517402,4.7,296,80.86,"Family, Friends",exploring,Low,Summer,All-day,Google Maps API (Adaptive AI Filtered Research Model)
286,Children's Park,Park,Murree,33.693804,73.2145023,4.3,352,80.68,"Family, Friends","relaxing, picnic",Low,Summer,"Morning, Evening",Google Maps API (Adaptive AI Filtered Research Model)
287,Siran Lake,Lake,Abbottabad,34.5445798,73.2511134,4.1,386,80.55,"Couple, Family","boating, sightseeing",Low,Summer,"Morning, Evening",Google Maps API (Adaptive AI Filtered Research Model)
288,Bruti Waterfall,Mountain,Islamabad,33.7781458,73.1119212,4.2,367,80.46,"Friends, Adventure","hiking, camping",Low,All-season,Morning,Google Maps API (Adaptive AI Filtered Research Model)
289,Blind Lake Sarfaranga Shigar,Tourist Attraction,Skardu,35.3624846,75.696443,4.3,349,80.33,"Family, Friends",exploring,Low,Summer,All-day,Google Maps API (Adaptive AI Filtered Research Model)
290,Miri FORT,Tourist Attraction,Quetta,30.2101181,67.009485,4.2,362,79.91,"Family, Friends",exploring,Low,Winter,All-day,Google Maps API (Adaptive AI Filtered Research Model)
291,Ropeway Jammu,Tourist Attraction,Sialkot,32.724662,74.8849141,4.1,378,79.71,"Family, Friends",exploring,Low,All-season,All-day,Google Maps API (Adaptive AI Filtered Research Model)
292,Dogra Art Museum,Tourist Attraction,Sialkot,32.7387778,74.8749504,4.3,341,79.4,"Family, Friends",exploring,Low,All-season,All-day,Google Maps API (Adaptive AI Filtered Research Model)
293,Old Sabzi Mandi Park,Park,Multan,30.2973791,71.9191592,3.9,414,79.35,"Family, Friends","relaxing, picnic",Low,Winter,"Morning, Evening",Google Maps API (Adaptive AI Filtered Research Model)
294,Khulafa E Rashidin Park,Park,Karachi,24.9145039,67.0847401,4.2,351,78.69,"Family, Friends","relaxing, picnic",Low,All-season,"Morning, Evening",Google Maps API (Adaptive AI Filtered Research Model)
295,E Block Park,Park,Lahore,31.4259375,74.3428281,4.2,350,78.57,"Family, Friends","relaxing, picnic",Low,All-season,"Morning, Evening",Google Maps API (Adaptive AI Filtered Research Model)
296,Wonderland Park,Park,Abbottabad,33.9873675,72.9737905,4.2,344,77.9,"Family, Friends","relaxing, picnic",Low,Summer,"Morning, Evening",Google Maps API (Adaptive AI Filtered Research Model)
297,"Sandspit Beach, Karachi, Sindh, Pakistn",Tourist Attraction,Karachi,24.8401512,66.9112169,4.5,298,77.68,"Family, Friends",exploring,Medium,All-season,All-day,Google Maps API (Adaptive AI Filtered Research Model)
298,POF Park,Park,Abbottabad,33.7790024,72.7387076,4.3,326,77.64,"Family, Friends","relaxing, picnic",Low,Summer,"Morning, Evening",Google Maps API (Adaptive AI Filtered Research Model)
299,Shahdin Manzil Faisal Chowk,Tourist Attraction,Lahore,31.5594243,74.3239099,4.5,297,77.55,"Family, Friends",exploring,Medium,All-season,All-day,Google Maps API (Adaptive AI Filtered Research Model)
300,"Simly Dam View Point, Karore Valley",Tourist Attraction,Islamabad,33.721913,73.3613003,4.6,275,76.28,"Family, Friends",exploring,Medium,All-season,All-day,Google Maps API (Adaptive AI Filtered Research Model)
301,Saarda Point,Mountain,Murree,33.5269538,73.9143419,4.5,285,75.97,"Friends, Adventure","hiking, camping",High,Summer,Morning,Google Maps API (Adaptive AI Filtered Research Model)
302,Garatapar Waterfall Trarkhel,Tourist Attraction,Murree,33.7466875,73.8141875,4.7,261,75.93,"Family, Friends",exploring,Low,Summer,All-day,Google Maps API (Adaptive AI Filtered Research Model)
303,Sohail Shaheed Park,Park,Quetta,30.2188305,67.0104104,4,360,75.89,"Family, Friends","relaxing, picnic",Low,Winter,"Morning, Evening",Google Maps API (Adaptive AI Filtered Research Model)
304,Lush Green Meadows,Tourist Attraction,Murree,33.9866331,73.4728949,4.6,271,75.73,"Family, Friends",exploring,Low,Summer,All-day,Google Maps API (Adaptive AI Filtered Research Model)
305,Sarfaranga Cold Deserts,Hiking/Trail,Skardu,35.4102232,75.7410795,4.6,270,75.59,"Friends, Adventure","hiking, adventure, camping",Low,Summer,Morning,Google Maps API (Adaptive AI Filtered Research Model)
306,Citi Housing Dancing Fountain,Tourist Attraction,Sialkot,32.0623255,74.1707571,4.5,281,75.43,"Family, Friends",exploring,Low,All-season,All-day,Google Maps API (Adaptive AI Filtered Research Model)
307,Kumrat valley,Mountain,Swat,35.5150412,72.2407853,4.6,268,75.31,"Friends, Adventure","hiking, camping",High,Summer,Morning,Google Maps API (Adaptive AI Filtered Research Model)
308,Track along Margalla Road,Park,Abbottabad,33.7069727,73.0162347,4.5,280,75.3,"Family, Friends","relaxing, picnic",Low,Summer,"Morning, Evening",Google Maps API (Adaptive AI Filtered Research Model)
309,Angoori Dam,Waterfall,Islamabad,33.7692262,73.2423292,4.1,337,75.27,"Friends, Adventure","sightseeing, photography",Low,All-season,"Morning, Evening",Google Maps API (Adaptive AI Filtered Research Model)
310,"Sathra Park, Muzaffarabad",Park,Kashmir,34.3641195,73.4738619,4.3,305,75.1,"Family, Friends","relaxing, picnic",Low,Summer,"Morning, Evening",Google Maps API (Adaptive AI Filtered Research Model)
311,Chunda Valley,Tourist Attraction,Skardu,35.3373027,75.4953851,4.6,266,75.02,"Family, Friends",exploring,Low,Summer,All-day,Google Maps API (Adaptive AI Filtered Research Model)
312,Adventurer Treks and Tours,Hiking/Trail,Lahore,31.5139698,74.3433629,4.8,225,72,"Friends, Adventure","hiking, adventure, camping",Low,All-season,Morning,Google Maps API (Adaptive AI Filtered Research Model)
313,Family Park,Park,Islamabad,33.5393636,73.0954726,4.3,278,71.7,"Family, Friends","relaxing, picnic",Low,All-season,"Morning, Evening",Google Maps API (Adaptive AI Filtered Research Model)
314,Ayubia National Park Dunga Gali,Park,Murree,34.0513674,73.4062849,4.7,231,71.43,"Family, Friends","relaxing, picnic",Low,Summer,"Morning, Evening",Google Maps API (Adaptive AI Filtered Research Model)
315,Chukail Meadows,Mountain,Swat,35.3674939,72.6690805,4.7,231,71.43,"Friends, Adventure","hiking, camping",High,Summer,Morning,Google Maps API (Adaptive AI Filtered Research Model)
316,Peshwar zoo ticket,Tourist Attraction,Peshawar,34.0168606,71.4896103,4.2,289,71.4,"Family, Friends",exploring,Low,All-season,All-day,Google Maps API (Adaptive AI Filtered Research Model)
317,Pakeeza Park,Park,Islamabad,33.6650245,73.0763642,4.2,289,71.4,"Family, Friends","relaxing, picnic",Low,All-season,"Morning, Evening",Google Maps API (Adaptive AI Filtered Research Model)
318,Naval Park,Park,Abbottabad,33.7206187,73.0355813,4.4,263,71.36,"Family, Friends","relaxing, picnic",Low,Summer,"Morning, Evening",Google Maps API (Adaptive AI Filtered Research Model)
319,"TDCP Glamping Pods, Dheer Kot Kethwallan Top",Mountain,Murree,33.8565904,73.4836512,4.4,261,71.08,"Friends, Adventure","hiking, camping",High,Summer,Morning,Google Maps API (Adaptive AI Filtered Research Model)
320,Al Hakeem Dawakhana,Park,Abbottabad,34.3508698,73.2005332,4,315,70.99,"Family, Friends","relaxing, picnic",Low,Summer,"Morning, Evening",Google Maps API (Adaptive AI Filtered Research Model)
321,Professors Gardens,Park,Multan,30.2225944,71.4382054,4.1,296,70.54,"Family, Friends","relaxing, picnic",Low,Winter,"Morning, Evening",Google Maps API (Adaptive AI Filtered Research Model)
322,Sheosar Lake,Tourist Attraction,Skardu,34.9915456,75.2385182,4.8,210,69.56,"Family, Friends",exploring,Low,Summer,All-day,Google Maps API (Adaptive AI Filtered Research Model)
323,Media Town Roundabout Park,Park,Islamabad,33.5612519,73.1250365,4.3,234,68.84,"Family, Friends","relaxing, picnic",Low,All-season,"Morning, Evening",Google Maps API (Adaptive AI Filtered Research Model)
324,Local Park - G-6/4,Park,Abbottabad,33.7107457,73.0918458,4.2,268,68.76,"Family, Friends","relaxing, picnic",Low,Summer,"Morning, Evening",Google Maps API (Adaptive AI Filtered Research Model)
325,The Greens Water Fall Pine City,Tourist Attraction,Islamabad,33.822644,73.121095,4.4,244,68.73,"Family, Friends",exploring,Medium,All-season,All-day,Google Maps API (Adaptive AI Filtered Research Model)
326,Marsur Rock Hussainabad Skardu,Tourist Attraction,Skardu,35.2799885,75.7218042,4.7,210,68.11,"Family, Friends",exploring,Low,Summer,All-day,Google Maps API (Adaptive AI Filtered Research Model)
327,View Point Trail 3 Margalla Hills National Park,Tourist Attraction,Islamabad,33.7442892,73.0817812,4.7,210,68.11,"Family, Friends",exploring,Medium,All-season,All-day,Google Maps API (Adaptive AI Filtered Research Model)
328,Rawal Dam Spillway,Tourist Attraction,Islamabad,33.693902,73.1229354,4.5,215,65.98,"Family, Friends",exploring,Medium,All-season,All-day,Google Maps API (Adaptive AI Filtered Research Model)
329,Shaheed e Millat Park AutoBahn,Park,Hyderabad,25.3751663,68.3521395,3.8,300,65.82,"Family, Friends","relaxing, picnic",Low,Winter,"Morning, Evening",Google Maps API (Adaptive AI Filtered Research Model)
330,Fizagat,Tourist Attraction,Swat,34.7904591,72.3709908,4.4,223,65.71,"Family, Friends",exploring,Low,Summer,All-day,Google Maps API (Adaptive AI Filtered Research Model)
331,Gali Surjan Singh,Tourist Attraction,Lahore,31.5825422,74.325776,4.6,204,65.7,"Family, Friends",exploring,Medium,All-season,All-day,Google Maps API (Adaptive AI Filtered Research Model)
332,Asghar Mall Plaza,Shopping Mall,Islamabad,33.5615955,73.1070093,4.1,255,65.47,"Family, Friends","shopping, dining",Medium,All-season,"Evening, Night",Google Maps API (Adaptive AI Filtered Research Model)
333,PEERKHO ROPEWAY STATION,Tourist Attraction,Sialkot,32.7368895,74.8773445,4.2,242,65.34,"Family, Friends",exploring,Low,All-season,All-day,Google Maps API (Adaptive AI Filtered Research Model)
334,Green Park - Islamabad,Park,Islamabad,33.6730671,73.0104669,4.2,241,65.2,"Family, Friends","relaxing, picnic",Low,All-season,"Morning, Evening",Google Maps API (Adaptive AI Filtered Research Model)
335,Hussainabad Waterfall,Tourist Attraction,Skardu,35.2888507,75.7036236,4.4,219,65.11,"Family, Friends",exploring,Low,Summer,All-day,Google Maps API (Adaptive AI Filtered Research Model)
336,Sadpara Lake Viewpoint,Tourist Attraction,Skardu,35.2359682,75.6364221,4.6,200,65.05,"Family, Friends",exploring,Low,Summer,All-day,Google Maps API (Adaptive AI Filtered Research Model)
337,World's Tallest Flag Pole,Tourist Attraction,Karachi,25.0348236,67.3138849,4.2,191,64.96,"Family, Friends",exploring,Medium,All-season,All-day,Google Maps API (Adaptive AI Filtered Research Model)
338,Chota Mahodand Artificial Lake,Tourist Attraction,Swat,35.5108125,72.6089375,4.3,221,63.92,"Family, Friends",exploring,Low,Summer,All-day,Google Maps API (Adaptive AI Filtered Research Model)
339,Jehangir Kothari Parade,Tourist Attraction,Karachi,24.8121532,67.0255554,4.4,211,63.91,"Family, Friends",exploring,Medium,All-season,All-day,Google Maps API (Adaptive AI Filtered Research Model)
340,Ganga Choti Top,Mountain,Murree,34.0754835,73.7879992,4.7,180,63.06,"Friends, Adventure","hiking, camping",High,Summer,Morning,Google Maps API (Adaptive AI Filtered Research Model)
341,Kaman Post,Tourist Attraction,Murree,34.1037763,73.904464,4.5,196,63,"Family, Friends",exploring,Low,Summer,All-day,Google Maps API (Adaptive AI Filtered Research Model)
342,Rumli Valley,Tourist Attraction,Islamabad,33.7695927,73.1347799,4.6,185,62.57,"Family, Friends",exploring,Medium,All-season,All-day,Google Maps API (Adaptive AI Filtered Research Model)
343,"Jaskool Waterfall Chinari, Jhelum Valley, Pakistan",Tourist Attraction,Murree,34.142624,73.8436999,4.5,192,62.35,"Family, Friends",exploring,Low,Summer,All-day,Google Maps API (Adaptive AI Filtered Research Model)
344,Park DHA XI (Rahbar) SECTOR 1,Park,Lahore,31.3892606,74.2532699,4.5,191,62.19,"Family, Friends","relaxing, picnic",Low,All-season,"Morning, Evening",Google Maps API (Adaptive AI Filtered Research Model)
345,Mian Ghundi Recreational Park,Park,Quetta,30.0700457,66.9327054,4,240,61.97,"Family, Friends","relaxing, picnic",Low,Winter,"Morning, Evening",Google Maps API (Adaptive AI Filtered Research Model)
346,Yakh Tangay Sar,Tourist Attraction,Swat,34.8296571,72.636441,4.6,181,61.89,"Family, Friends",exploring,Low,Summer,All-day,Google Maps API (Adaptive AI Filtered Research Model)
347,Katora Lake Waterfall,Tourist Attraction,Swat,35.3734725,72.344157,4.8,166,61.84,"Family, Friends",exploring,Low,Summer,All-day,Google Maps API (Adaptive AI Filtered Research Model)
348,Mr Jan,Shopping Mall,Peshawar,33.9715003,71.4855982,4.2,214,61.44,"Family, Friends","shopping, dining",Low,All-season,"Evening, Night",Google Maps API (Adaptive AI Filtered Research Model)
349,Chota Pani,Tourist Attraction,Skardu,35.0036658,75.3323715,4.6,178,61.37,"Family, Friends",exploring,Low,Summer,All-day,Google Maps API (Adaptive AI Filtered Research Model)
350,Zaffar Park,Park,Murree,34.335707,73.2037409,4.2,213,61.3,"Family, Friends","relaxing, picnic",Low,Summer,"Morning, Evening",Google Maps API (Adaptive AI Filtered Research Model)
351,Neelan Bhooto Viewpoint,Tourist Attraction,Islamabad,33.838811,73.2024,4.6,173,60.5,"Family, Friends",exploring,Medium,All-season,All-day,Google Maps API (Adaptive AI Filtered Research Model)
352,Sheikhupura Fort,Tourist Attraction,Lahore,31.7090676,73.9902112,4.2,203,59.84,"Family, Friends",exploring,Medium,All-season,All-day,Google Maps API (Adaptive AI Filtered Research Model)
353,ROSHAN LIFE SOCIAL GROUP,Tourist Attraction,Multan,30.205041,71.551098,4.2,149,59.81,"Family, Friends",exploring,Low,Winter,All-day,Google Maps API (Adaptive AI Filtered Research Model)
354,Jannat Waterfall,Waterfall,Murree,34.0394931,73.4484657,4.5,176,59.7,"Friends, Adventure","sightseeing, photography",Low,Summer,"Morning, Evening",Google Maps API (Adaptive AI Filtered Research Model)
355,Miandam,Tourist Attraction,Swat,35.0537142,72.5661502,4.4,180,59.03,"Family, Friends",exploring,Low,Summer,All-day,Google Maps API (Adaptive AI Filtered Research Model)
356,Thory Oba (Kala Chashma),Tourist Attraction,Swat,35.5978516,72.161751,4.4,178,58.7,"Family, Friends",exploring,Low,Summer,All-day,Google Maps API (Adaptive AI Filtered Research Model)
357,Multan Fort,Tourist Attraction,Multan,30.1986324,71.4720568,4.4,176,58.37,"Family, Friends",exploring,Low,Winter,All-day,Google Maps API (Adaptive AI Filtered Research Model)
358,B-Block Park & Monument,Park,Islamabad,33.6033515,72.8668213,4.2,159,58,"Family, Friends","relaxing, picnic",Low,All-season,"Morning, Evening",Google Maps API (Adaptive AI Filtered Research Model)
359,Tarbela Lake VIew,Tourist Attraction,Murree,34.1011194,72.9288266,4.5,166,57.98,"Family, Friends",exploring,Low,Summer,All-day,Google Maps API (Adaptive AI Filtered Research Model)
360,Tomb of Dai Anga,Tourist Attraction,Lahore,31.5792049,74.3640733,4.3,180,57.69,"Family, Friends",exploring,Medium,All-season,All-day,Google Maps API (Adaptive AI Filtered Research Model)
361,Samandar Katha Lake,Tourist Attraction,Murree,34.0573122,73.3444979,3.7,242,57.56,"Family, Friends",exploring,Low,Summer,All-day,Google Maps API (Adaptive AI Filtered Research Model)
362,Miranjani Waterfall and Picnic Point,Tourist Attraction,Murree,34.1028918,73.3801166,4.3,179,57.53,"Family, Friends",exploring,Low,Summer,All-day,Google Maps API (Adaptive AI Filtered Research Model)
363,Dhamaka Lake,Lake,Swat,35.4999244,72.5012711,4.2,185,57.13,"Couple, Family","boating, sightseeing",Low,Summer,"Morning, Evening",Google Maps API (Adaptive AI Filtered Research Model)
364,Muthi Talab POND JAMMU,Tourist Attraction,Sialkot,32.7611812,74.8170102,3.9,214,57.05,"Family, Friends",exploring,Low,All-season,All-day,Google Maps API (Adaptive AI Filtered Research Model)
365,Hazara Waterfalls Jab Valley,Tourist Attraction,Islamabad,33.8690735,73.0006069,4.4,166,56.69,"Family, Friends",exploring,Medium,All-season,All-day,Google Maps API (Adaptive AI Filtered Research Model)
366,Shahdara Valley,Mountain,Islamabad,33.7568366,73.1663869,4.3,171,56.23,"Friends, Adventure","hiking, camping",Low,All-season,Morning,Google Maps API (Adaptive AI Filtered Research Model)
367,Hopper Glacier View point,Tourist Attraction,Hunza,36.2138322,74.7688639,4.6,149,56.15,"Family, Friends",exploring,Low,Summer,All-day,Google Maps API (Adaptive AI Filtered Research Model)
368,Khaki Village,Tourist Attraction,Abbottabad,34.4083067,73.129491,4.4,161,55.83,"Family, Friends",exploring,Low,Summer,All-day,Google Maps API (Adaptive AI Filtered Research Model)
369,Karlaan Spring Waterfall,Tourist Attraction,Murree,34.1171563,73.3264409,4.6,145,55.39,"Family, Friends",exploring,Low,Summer,All-day,Google Maps API (Adaptive AI Filtered Research Model)
370,Sunset Park Vantage Point,Tourist Attraction,Islamabad,33.5255437,73.0754841,4.4,158,55.31,"Family, Friends",exploring,Medium,All-season,All-day,Google Maps API (Adaptive AI Filtered Research Model)
371,DHA Peshawar Adventure Arena,Park,Peshawar,34.0617569,71.4371935,4.3,157,53.88,"Family, Friends","relaxing, picnic",Low,All-season,"Morning, Evening",Google Maps API (Adaptive AI Filtered Research Model)
372,Manora Beach view Point,Tourist Attraction,Karachi,24.798505,66.9673632,4.3,156,53.71,"Family, Friends",exploring,Medium,All-season,All-day,Google Maps API (Adaptive AI Filtered Research Model)
373,River Indus View,Tourist Attraction,Hyderabad,25.4031361,68.3083947,4.4,149,53.71,"Family, Friends",exploring,Low,Winter,All-day,Google Maps API (Adaptive AI Filtered Research Model)
374,Bajalta Jammu,Tourist Attraction,Sialkot,32.7585031,74.9521708,4.2,162,53.46,"Family, Friends",exploring,Low,All-season,All-day,Google Maps API (Adaptive AI Filtered Research Model)
375,Pakistan Flag Lughmani Hill,Mountain,Murree,34.3379575,73.213996,4.5,139,53.05,"Friends, Adventure","hiking, camping",High,Summer,Morning,Google Maps API (Adaptive AI Filtered Research Model)
376, Fort Kohna Qasim Garden,Tourist Attraction,Multan,30.1987792,71.4676944,4.7,127,52.97,"Family, Friends",exploring,Low,Winter,All-day,Google Maps API (Adaptive AI Filtered Research Model)
377,Ministers' Enclave F-5 Park,Park,Abbottabad,33.7363376,73.0868268,4.6,130,52.45,"Family, Friends","relaxing, picnic",Low,Summer,"Morning, Evening",Google Maps API (Adaptive AI Filtered Research Model)
378,Kund Banda,Hiking/Trail,Swat,35.3937219,72.3038001,4.8,119,52.36,"Friends, Adventure","hiking, adventure, camping",Low,Summer,Morning,Google Maps API (Adaptive AI Filtered Research Model)
379,Qasim Bagh,Tourist Attraction,Multan,30.1998,71.4410941,4.6,180,52.32,"Family, Friends",exploring,Low,Winter,All-day,Google Maps API (Adaptive AI Filtered Research Model)
380,CHEVRA Hill Top Kotli Sattian,Tourist Attraction,Murree,33.8206632,73.5347269,4.7,123,52.13,"Family, Friends",exploring,Low,Summer,All-day,Google Maps API (Adaptive AI Filtered Research Model)
381,Bahu plaza North block,Shopping Mall,Sialkot,32.7047178,74.8720245,4.4,140,52.06,"Family, Friends","shopping, dining",Low,All-season,"Evening, Night",Google Maps API (Adaptive AI Filtered Research Model)
382,Jalalpur Jattan Park,Park,Sialkot,32.6358677,74.1922952,4,169,52,"Family, Friends","relaxing, picnic",Low,All-season,"Morning, Evening",Google Maps API (Adaptive AI Filtered Research Model)
383,Lucky shopping center,Shopping Mall,Abbottabad,33.7484876,72.8056475,4,169,52,"Family, Friends","shopping, dining",Low,Summer,"Evening, Night",Google Maps API (Adaptive AI Filtered Research Model)
384,Bruti Top,Tourist Attraction,Islamabad,33.7726893,73.1116838,4.3,145,51.78,"Family, Friends",exploring,Medium,All-season,All-day,Google Maps API (Adaptive AI Filtered Research Model)
385,Hazarganji-Chiltan National Park,Park,Quetta,30.2227193,66.7370393,4.2,152,51.78,"Family, Friends","relaxing, picnic",Low,Winter,"Morning, Evening",Google Maps API (Adaptive AI Filtered Research Model)
386,Ayesha Bibi Park,Park,Sialkot,32.1499706,74.1942072,4.2,152,51.78,"Family, Friends","relaxing, picnic",Low,All-season,"Morning, Evening",Google Maps API (Adaptive AI Filtered Research Model)
387,Shahi qila,Tourist Attraction,Lahore,31.5881435,74.3153536,4.6,126,51.63,"Family, Friends",exploring,Medium,All-season,All-day,Google Maps API (Adaptive AI Filtered Research Model)
388,AL-KHALIL CENTER,Shopping Mall,Sialkot,32.5011446,74.4983812,4,166,51.54,"Family, Friends","shopping, dining",Low,All-season,"Evening, Night",Google Maps API (Adaptive AI Filtered Research Model)
389,Rana Shopping Mall,Shopping Mall,Sialkot,32.3036018,74.1476273,3.8,183,51.41,"Family, Friends","shopping, dining",Low,All-season,"Evening, Night",Google Maps API (Adaptive AI Filtered Research Model)
390,Qatalgah Market,Shopping Mall,Skardu,35.3008733,75.6311913,4,165,51.38,"Family, Friends","shopping, dining",Low,Summer,"Evening, Night",Google Maps API (Adaptive AI Filtered Research Model)
391,Benazir Bhutto Park Quetta,Park,Quetta,30.2128949,66.9923822,3.8,182,51.26,"Family, Friends","relaxing, picnic",Low,Winter,"Morning, Evening",Google Maps API (Adaptive AI Filtered Research Model)
392,Batura Glacier Viewpoint,Tourist Attraction,Hunza,36.5127243,74.868807,4.6,124,51.22,"Family, Friends",exploring,Low,Summer,All-day,Google Maps API (Adaptive AI Filtered Research Model)
393,Rajana Forest park and Zoo,Park,Sahiwal,30.8740459,72.5829599,4.1,156,51.21,"Family, Friends","relaxing, picnic",Low,Winter,"Morning, Evening",Google Maps API (Adaptive AI Filtered Research Model)
394,W Mall,Shopping Mall,Lahore,31.5054012,74.3489221,4.5,129,51.11,"Family, Friends","shopping, dining",Medium,All-season,"Evening, Night",Google Maps API (Adaptive AI Filtered Research Model)
395,"Car Chowk Bahria Orchard, Lahore",Tourist Attraction,Lahore,31.3178397,74.2116675,4.5,128,50.91,"Family, Friends",exploring,Medium,All-season,All-day,Google Maps API (Adaptive AI Filtered Research Model)
396,GOR Park,Park,Lahore,31.5347374,74.3254787,4.3,140,50.88,"Family, Friends","relaxing, picnic",Low,All-season,"Morning, Evening",Google Maps API (Adaptive AI Filtered Research Model)
397,9 C MALL,Shopping Mall,Lahore,31.5106577,74.3502445,4.2,146,50.75,"Family, Friends","shopping, dining",Medium,All-season,"Evening, Night",Google Maps API (Adaptive AI Filtered Research Model)
398,Jinnah Park,Park,Multan,30.1901,71.5115,4.6,161,50.75,"Family, Friends","relaxing, picnic",Low,Winter,"Morning, Evening",Google Maps API (Adaptive AI Filtered Research Model)
399,Taimuri Family Park - Hazara Town,Park,Quetta,30.180381,66.9651915,3.9,169,50.7,"Family, Friends","relaxing, picnic",Low,Winter,"Morning, Evening",Google Maps API (Adaptive AI Filtered Research Model)
400,Usman Ghani Park,Park,Murree,33.630299,73.068751,4.2,145,50.57,"Family, Friends","relaxing, picnic",Low,Summer,"Morning, Evening",Google Maps API (Adaptive AI Filtered Research Model)
401,Park E Block,Park,Lahore,31.4502729,74.2220595,4.1,152,50.55,"Family, Friends","relaxing, picnic",Low,All-season,"Morning, Evening",Google Maps API (Adaptive AI Filtered Research Model)
402,Park View City Top,Tourist Attraction,Islamabad,33.7162327,73.2039468,4.3,138,50.51,"Family, Friends",exploring,Medium,All-season,All-day,Google Maps API (Adaptive AI Filtered Research Model)
403,Syed Gold Mall,Shopping Mall,Murree,33.5001729,73.0866162,4.3,120,50.39,"Family, Friends","shopping, dining",Low,Summer,"Evening, Night",Google Maps API (Adaptive AI Filtered Research Model)
404,Gulberg Mall & Signature Living,Shopping Mall,Murree,33.6017609,73.1561844,4.3,105,50.21,"Family, Friends","shopping, dining",Low,Summer,"Evening, Night",Google Maps API (Adaptive AI Filtered Research Model)
405,HTS Mall,Shopping Mall,Murree,33.5554825,73.0598407,3.9,165,50.1,"Family, Friends","shopping, dining",Low,Summer,"Evening, Night",Google Maps API (Adaptive AI Filtered Research Model)
406,MDM Mall,Shopping Mall,Quetta,30.1775109,66.9637811,4.2,142,50.05,"Family, Friends","shopping, dining",Low,Winter,"Evening, Night",Google Maps API (Adaptive AI Filtered Research Model)
407,Walled City Of Lahore Authority,Tourist Attraction,Lahore,31.5492624,74.3283925,4.5,123,49.91,"Family, Friends",exploring,Medium,All-season,All-day,Google Maps API (Adaptive AI Filtered Research Model)
408,D Block Park,Park,Sahiwal,30.6808755,73.0869234,4.2,141,49.87,"Family, Friends","relaxing, picnic",Low,Winter,"Morning, Evening",Google Maps API (Adaptive AI Filtered Research Model)
409,Mama Love,Shopping Mall,Sialkot,32.5175038,74.5572503,4.2,140,49.7,"Family, Friends","shopping, dining",Low,All-season,"Evening, Night",Google Maps API (Adaptive AI Filtered Research Model)
410,PNS Himalaya's Beach Hut,Tourist Attraction,Karachi,24.8162035,66.9453915,4.5,122,49.7,"Family, Friends",exploring,Medium,All-season,All-day,Google Maps API (Adaptive AI Filtered Research Model)
411,Bin Chiragh Mall,Shopping Mall,Islamabad,33.6377308,73.0702976,4.1,146,49.54,"Family, Friends","shopping, dining",Medium,All-season,"Evening, Night",Google Maps API (Adaptive AI Filtered Research Model)
412,Rizwan Plaza,Shopping Mall,Abbottabad,33.7203368,73.0770584,4.3,132,49.4,"Family, Friends","shopping, dining",Low,Summer,"Evening, Night",Google Maps API (Adaptive AI Filtered Research Model)
413,MPCHS Park,Park,Murree,33.6940252,72.9699546,4.3,132,49.4,"Family, Friends","relaxing, picnic",Low,Summer,"Morning, Evening",Google Maps API (Adaptive AI Filtered Research Model)
414,Al-Hamra Cultural Complex,Tourist Attraction,Lahore,31.5142598,74.3308749,4.4,126,49.39,"Family, Friends",exploring,Medium,All-season,All-day,Google Maps API (Adaptive AI Filtered Research Model)
415,Children and Ladies Park,Park,Murree,34.1699357,73.2426251,4.2,138,49.34,"Family, Friends","relaxing, picnic",Low,Summer,"Morning, Evening",Google Maps API (Adaptive AI Filtered Research Model)
416,Pak Avenue Colony Park,Park,Sahiwal,30.6853125,73.0926875,4.1,144,49.2,"Family, Friends","relaxing, picnic",Low,Winter,"Morning, Evening",Google Maps API (Adaptive AI Filtered Research Model)
417,New Park,Park,Sahiwal,30.7249569,72.6520112,4,150,48.99,"Family, Friends","relaxing, picnic",Low,Winter,"Morning, Evening",Google Maps API (Adaptive AI Filtered Research Model)
418,Chakkai Park,Park,Abbottabad,34.09994,72.9280527,4.3,129,48.84,"Family, Friends","relaxing, picnic",Low,Summer,"Morning, Evening",Google Maps API (Adaptive AI Filtered Research Model)
419,Patrind Dam View Point,Tourist Attraction,Abbottabad,34.3960111,73.3831757,4.5,117,48.67,"Family, Friends",exploring,Low,Summer,All-day,Google Maps API (Adaptive AI Filtered Research Model)
420,Zaraj Shopping Plaza,Shopping Mall,Murree,33.5631762,73.1062388,4,147,48.5,"Family, Friends","shopping, dining",Low,Summer,"Evening, Night",Google Maps API (Adaptive AI Filtered Research Model)
421,Chaman Zar Park,Park,Sahiwal,30.6665822,73.1150385,4.2,133,48.44,"Family, Friends","relaxing, picnic",Low,Winter,"Morning, Evening",Google Maps API (Adaptive AI Filtered Research Model)
422,Central Lake Park,Park,Lahore,31.3159834,74.3846116,4.4,121,48.4,"Family, Friends","relaxing, picnic",Low,All-season,"Morning, Evening",Google Maps API (Adaptive AI Filtered Research Model)
423,Gulistan-e-Fatima Park,Park,Murree,33.7299408,73.0569027,4.6,109,48.03,"Family, Friends","relaxing, picnic",Low,Summer,"Morning, Evening",Google Maps API (Adaptive AI Filtered Research Model)
424,Defence Villas Children Park,Park,Murree,33.5074272,73.0927277,4.4,119,48,"Family, Friends","relaxing, picnic",Low,Summer,"Morning, Evening",Google Maps API (Adaptive AI Filtered Research Model)
425,Mall of Multan,Shopping Mall,Multan,30.1914414,71.4418221,4.2,144,48,"Family, Friends","shopping, dining",Low,Winter,"Evening, Night",Google Maps API (Adaptive AI Filtered Research Model)
426,Miniso Peshawar Cantt,Shopping Mall,Peshawar,33.998785,71.5359447,4.2,130,47.89,"Family, Friends","shopping, dining",Low,All-season,"Evening, Night",Google Maps API (Adaptive AI Filtered Research Model)
427,Abdul Hakeem Ladies Park,Park,Sialkot,32.4921637,74.53083,3.9,150,47.77,"Family, Friends","relaxing, picnic",Low,All-season,"Morning, Evening",Google Maps API (Adaptive AI Filtered Research Model)
428,Exotic Bird Park,Tourist Attraction,Karachi,25.0557281,67.3256943,4.2,129,47.7,"Family, Friends",exploring,Medium,All-season,All-day,Google Maps API (Adaptive AI Filtered Research Model)
429,Mahodand Lake View Point,Tourist Attraction,Swat,35.7093571,72.651391,4.7,103,47.7,"Family, Friends",exploring,Low,Summer,All-day,Google Maps API (Adaptive AI Filtered Research Model)
430,Madina Masjid Park,Park,Sahiwal,30.664349,73.1158744,4.1,135,47.64,"Family, Friends","relaxing, picnic",Low,Winter,"Morning, Evening",Google Maps API (Adaptive AI Filtered Research Model)
431,Muzaffarabad Mall of India,Shopping Mall,Murree,34.3312681,73.4668395,3.8,156,47.46,"Family, Friends","shopping, dining",Low,Summer,"Evening, Night",Google Maps API (Adaptive AI Filtered Research Model)
432,Usmania Park,Park,Multan,30.2035578,71.5070862,3.9,147,47.28,"Family, Friends","relaxing, picnic",Low,Winter,"Morning, Evening",Google Maps API (Adaptive AI Filtered Research Model)
433,Jale Gudar Park,Park,Swat,35.0289597,72.4693903,4.4,115,47.18,"Family, Friends","relaxing, picnic",Low,Summer,"Morning, Evening",Google Maps API (Adaptive AI Filtered Research Model)
434,CTC Shopping Mall,Shopping Mall,Karachi,24.830884,67.034604,4.2,126,47.14,"Family, Friends","shopping, dining",Medium,All-season,"Evening, Night",Google Maps API (Adaptive AI Filtered Research Model)
435,The United Mall,Shopping Mall,Multan,30.1976861,71.4714269,4.1,132,47.11,"Family, Friends",exploring,Low,Winter,All-day,Google Maps API (Adaptive AI Filtered Research Model)
436,Baadgoi Top,Mountain,Swat,35.4916771,72.3639379,4.7,99,46.76,"Friends, Adventure","hiking, camping",High,Summer,Morning,Google Maps API (Adaptive AI Filtered Research Model)
437,Thakri Hill Top,Tourist Attraction,Murree,33.8534249,73.4823541,4.6,103,46.68,"Family, Friends",exploring,Low,Summer,All-day,Google Maps API (Adaptive AI Filtered Research Model)
438,M&P Courier Franchise Office Auto Bhan Towers and Shopping Mall,Shopping Mall,Hyderabad,25.3771915,68.333107,3.9,143,46.64,"Family, Friends","shopping, dining",Low,Winter,"Evening, Night",Google Maps API (Adaptive AI Filtered Research Model)
439,Zamzama Mall Shopping Centre,Shopping Mall,Karachi,24.8174505,67.0399897,4.1,129,46.57,"Family, Friends","shopping, dining",Medium,All-season,"Evening, Night",Google Maps API (Adaptive AI Filtered Research Model)
440,Shah Shams Park,Park,Multan,29.8777541,71.3095535,4.4,112,46.57,"Family, Friends","relaxing, picnic",Low,Winter,"Morning, Evening",Google Maps API (Adaptive AI Filtered Research Model)
441,Lala Waterfall,Lake,Murree,33.5020886,73.8847813,3.8,150,46.54,"Couple, Family","boating, sightseeing",Low,Summer,"Morning, Evening",Google Maps API (Adaptive AI Filtered Research Model)
442,Rafi Park,Park,Lahore,31.4293477,74.288258,4.2,122,46.39,"Family, Friends","relaxing, picnic",Low,All-season,"Morning, Evening",Google Maps API (Adaptive AI Filtered Research Model)
443,Chaman Zar e Askari Park Multan,Park,Multan,30.178245,71.4143514,4.5,128,46.39,"Family, Friends","shopping, dining",Low,Winter,"Evening, Night",Google Maps API (Adaptive AI Filtered Research Model)
444,Jabbar Waterfall,Tourist Attraction,Abbottabad,34.4502514,73.6018575,4.3,116,46.31,"Family, Friends",exploring,Low,Summer,All-day,Google Maps API (Adaptive AI Filtered Research Model)
445,Tarbela Lake View Picnic Point,Tourist Attraction,Murree,34.0565742,72.903138,4.3,116,46.31,"Family, Friends",exploring,Low,Summer,All-day,Google Maps API (Adaptive AI Filtered Research Model)
446,Mehmood Park,Park,Sahiwal,30.7330587,72.6396761,4,134,46.3,"Family, Friends","relaxing, picnic",Low,Winter,"Morning, Evening",Google Maps API (Adaptive AI Filtered Research Model)
447,Swat Mall,Shopping Mall,Swat,34.7763983,72.3577605,4,134,46.3,"Family, Friends","shopping, dining",Low,Summer,"Evening, Night",Google Maps API (Adaptive AI Filtered Research Model)
448,Sadique-e-Akbar Park,Park,Sahiwal,30.6733621,73.0888827,3.7,156,46.21,"Family, Friends","relaxing, picnic",Low,Winter,"Morning, Evening",Google Maps API (Adaptive AI Filtered Research Model)
449,"Dadi Jawari Park, Women Park",Park,Hunza,35.9142086,74.3181998,4.1,127,46.2,"Family, Friends","relaxing, picnic",Low,Summer,"Morning, Evening",Google Maps API (Adaptive AI Filtered Research Model)
450,Nergola Waterfall,Tourist Attraction,Murree,33.8324389,73.7332355,4.1,127,46.2,"Family, Friends",exploring,Low,Summer,All-day,Google Maps API (Adaptive AI Filtered Research Model)
451,Jalal Park,Park,Multan,30.2284694,71.475998,4.3,115,46.11,"Family, Friends","relaxing, picnic",Low,Winter,"Morning, Evening",Google Maps API (Adaptive AI Filtered Research Model)
452,Public Park Bhatti Chowk,Park,Sialkot,32.0455863,74.2613598,4.3,115,46.11,"Family, Friends","relaxing, picnic",Low,All-season,"Morning, Evening",Google Maps API (Adaptive AI Filtered Research Model)
453,Dawood Mall Parking,Shopping Mall,Hyderabad,25.3674158,68.3553557,3.8,147,46.07,"Family, Friends","shopping, dining",Low,Winter,"Evening, Night",Google Maps API (Adaptive AI Filtered Research Model)
454,Pipeline Track Midpoint,Tourist Attraction,Murree,34.0411875,73.4048125,4.8,92,46.04,"Family, Friends",exploring,Low,Summer,All-day,Google Maps API (Adaptive AI Filtered Research Model)
455,Poona WaterFall,Lake,Murree,33.9917937,73.2964652,4.6,100,46,"Couple, Family","boating, sightseeing",Low,Summer,"Morning, Evening",Google Maps API (Adaptive AI Filtered Research Model)
456,Shingro waterfall,Mountain,Swat,34.7862823,72.4818287,4.6,100,46,"Friends, Adventure","hiking, camping",High,Summer,Morning,Google Maps API (Adaptive AI Filtered Research Model)
457,Lake Shahzeb,Tourist Attraction,Abbottabad,34.5153084,73.2612887,3.9,139,45.98,"Family, Friends",exploring,Low,Summer,All-day,Google Maps API (Adaptive AI Filtered Research Model)
458,Chand Plaza,Shopping Mall,Islamabad,33.6903105,73.0314564,4.1,125,45.84,"Family, Friends","shopping, dining",Medium,All-season,"Evening, Night",Google Maps API (Adaptive AI Filtered Research Model)
459,Officer Colony Park,Park,Sahiwal,30.671909,73.0823958,3.9,138,45.81,"Family, Friends","relaxing, picnic",Low,Winter,"Morning, Evening",Google Maps API (Adaptive AI Filtered Research Model)
460,Kundol Lake,Lake,Swat,35.4216492,72.4322746,4.8,91,45.79,"Couple, Family","boating, sightseeing",Low,Summer,"Morning, Evening",Google Maps API (Adaptive AI Filtered Research Model)
461,DHA Family Park,Park,Quetta,30.3140115,66.8938355,4,130,45.61,"Family, Friends","relaxing, picnic",Low,Winter,"Morning, Evening",Google Maps API (Adaptive AI Filtered Research Model)
462,The Lucky Mall,Shopping Mall,Hyderabad,25.3648236,68.3797334,4.3,112,45.51,"Family, Friends","shopping, dining",Low,Winter,"Evening, Night",Google Maps API (Adaptive AI Filtered Research Model)
463,All Purpose Family Park,Park,Abbottabad,33.7135727,73.0992967,4.7,93,45.33,"Family, Friends","relaxing, picnic",Low,Summer,"Morning, Evening",Google Maps API (Adaptive AI Filtered Research Model)
464,Eclipse - Resort Living & Mall,Shopping Mall,Peshawar,34.0340343,71.5639952,4.3,97,45.3,"Family, Friends","shopping, dining",Low,All-season,"Evening, Night",Google Maps API (Adaptive AI Filtered Research Model)
465,al falah tower,Shopping Mall,Peshawar,33.9885493,71.5612145,4.1,122,45.29,"Family, Friends","shopping, dining",Low,All-season,"Evening, Night",Google Maps API (Adaptive AI Filtered Research Model)
466,Chiltan Park,Park,Quetta,30.2101011,67.0359406,4,128,45.25,"Family, Friends","relaxing, picnic",Low,Winter,"Morning, Evening",Google Maps API (Adaptive AI Filtered Research Model)
467,Chumik Farol Desert Skardu,Mountain,Skardu,35.309394,75.6556525,4.5,101,45.22,"Friends, Adventure","hiking, camping",High,Summer,Morning,Google Maps API (Adaptive AI Filtered Research Model)
468,Dawar Park,Park,Murree,33.634446,73.0469269,4.3,110,45.1,"Family, Friends","relaxing, picnic",Low,Summer,"Morning, Evening",Google Maps API (Adaptive AI Filtered Research Model)
469,Muthi Camp Park,Park,Sialkot,32.7599982,74.8242056,4.2,115,45.04,"Family, Friends","relaxing, picnic",Low,All-season,"Morning, Evening",Google Maps API (Adaptive AI Filtered Research Model)
470,Bora Sherakhel Waterfall,Tourist Attraction,Peshawar,33.715358,71.711239,4.3,109,44.89,"Family, Friends",exploring,Low,All-season,All-day,Google Maps API (Adaptive AI Filtered Research Model)
471,Bhandari Chowk,Shopping Mall,Sahiwal,30.6720856,73.1071553,3.9,132,44.81,"Family, Friends","shopping, dining",Low,Winter,"Evening, Night",Google Maps API (Adaptive AI Filtered Research Model)
472,Chambar Naka,Tourist Attraction,Hyderabad,25.456581,68.7196899,3.9,132,44.81,"Family, Friends",exploring,Low,Winter,All-day,Google Maps API (Adaptive AI Filtered Research Model)
473,Sangsiri Forest Park,Park,Murree,33.8023142,73.4476091,4.5,99,44.77,"Family, Friends","relaxing, picnic",Low,Summer,"Morning, Evening",Google Maps API (Adaptive AI Filtered Research Model)
474,Sariab City Centre Quetta Balochistan,Shopping Mall,Quetta,30.0950598,66.9744016,4,125,44.72,"Family, Friends","shopping, dining",Low,Winter,"Evening, Night",Google Maps API (Adaptive AI Filtered Research Model)
475,Shangla Top,Tourist Attraction,Swat,34.8807821,72.5909008,4.4,99,43.78,"Family, Friends",exploring,Low,Summer,All-day,Google Maps API (Adaptive AI Filtered Research Model)
476,Lamchar waterfall,Tourist Attraction,Swat,35.1940345,72.1958017,4.5,93,43.4,"Family, Friends",exploring,Low,Summer,All-day,Google Maps API (Adaptive AI Filtered Research Model)
477,Mashaallah Paper Decoration Center,Shopping Mall,Multan,30.1914823,71.4706174,4,117,43.27,"Family, Friends","shopping, dining",Low,Winter,"Evening, Night",Google Maps API (Adaptive AI Filtered Research Model)
478,Burj Patriata Track Kotli Sattian,Tourist Attraction,Murree,33.8161382,73.4893489,4.8,81,43.2,"Family, Friends",exploring,Low,Summer,All-day,Google Maps API (Adaptive AI Filtered Research Model)
479,"Kotli Sattian, New Tourist Destination",Tourist Attraction,Murree,33.8066182,73.523327,4.6,88,43.15,"Family, Friends",exploring,Low,Summer,All-day,Google Maps API (Adaptive AI Filtered Research Model)
480,Gol Chakra,Tourist Attraction,Hyderabad,25.0434404,68.6578933,4,115,42.9,"Family, Friends",exploring,Low,Winter,All-day,Google Maps API (Adaptive AI Filtered Research Model)
481,Main Park,Park,Murree,33.5176752,73.1550594,4.1,108,42.61,"Family, Friends","relaxing, picnic",Low,Summer,"Morning, Evening",Google Maps API (Adaptive AI Filtered Research Model)
482,Rehmania Park,Park,Multan,30.199433,71.5137032,4,113,42.52,"Family, Friends","relaxing, picnic",Low,Winter,"Morning, Evening",Google Maps API (Adaptive AI Filtered Research Model)
483,Friends General Store,Shopping Mall,Multan,29.8782178,71.3182164,4.2,89,42.45,"Family, Friends","shopping, dining",Low,Winter,"Evening, Night",Google Maps API (Adaptive AI Filtered Research Model)
484,Wali Tangai Dam,Tourist Attraction,Quetta,30.2639601,67.2468424,4.6,85,42.41,"Family, Friends",exploring,Low,Winter,All-day,Google Maps API (Adaptive AI Filtered Research Model)
485,Sharif Plaza,Shopping Mall,Multan,30.1629265,71.5038397,4.1,107,42.41,"Family, Friends","shopping, dining",Low,Winter,"Evening, Night",Google Maps API (Adaptive AI Filtered Research Model)
486,Domail Point (Neelum Jhelum Concurrence),Tourist Attraction,Murree,34.3551265,73.4688495,4.6,85,42.41,"Family, Friends",exploring,Low,Summer,All-day,Google Maps API (Adaptive AI Filtered Research Model)
487,Zam zam mega mart takht bhai,Shopping Mall,Peshawar,34.3048162,71.9122125,4.1,107,42.41,"Family, Friends","shopping, dining",Low,All-season,"Evening, Night",Google Maps API (Adaptive AI Filtered Research Model)
488,Haramosh Valley,Tourist Attraction,Hunza,35.9150787,74.838722,4.8,78,42.39,"Family, Friends",exploring,Low,Summer,All-day,Google Maps API (Adaptive AI Filtered Research Model)
489,Meraki Mall and Residency,Shopping Mall,Murree,33.6821187,73.2434204,4.3,97,42.35,"Family, Friends","shopping, dining",Low,Summer,"Evening, Night",Google Maps API (Adaptive AI Filtered Research Model)
490,Trafalgar Square,Park,Sialkot,32.068299,74.2026061,4.3,95,41.91,"Family, Friends","relaxing, picnic",Low,All-season,"Morning, Evening",Google Maps API (Adaptive AI Filtered Research Model)
491,Park,Park,Multan,30.2201306,71.540681,4.2,95,41.91,"Family, Friends","relaxing, picnic",Low,Winter,"Morning, Evening",Google Maps API (Adaptive AI Filtered Research Model)
492,Rabat river park,Park,Swat,34.8636086,71.9422219,4.4,90,41.74,"Family, Friends","relaxing, picnic",Low,Summer,"Morning, Evening",Google Maps API (Adaptive AI Filtered Research Model)
493,Rafi Gardens Park,Park,Sahiwal,30.7008347,73.0868161,4.5,86,41.73,"Family, Friends","relaxing, picnic",Low,Winter,"Morning, Evening",Google Maps API (Adaptive AI Filtered Research Model)
494,Park,Park,Murree,33.5559074,73.138351,4.2,98,41.58,"Family, Friends","relaxing, picnic",Low,Summer,"Morning, Evening",Google Maps API (Adaptive AI Filtered Research Model)
495,Janshae Meadows,Lake,Swat,35.5460023,72.5872134,4.8,75,41.57,"Couple, Family","boating, sightseeing",Low,Summer,"Morning, Evening",Google Maps API (Adaptive AI Filtered Research Model)
496,Ladies Park,Park,Sahiwal,30.6775678,73.0783048,4,108,41.57,"Family, Friends","relaxing, picnic",Low,Winter,"Morning, Evening",Google Maps API (Adaptive AI Filtered Research Model)
497,Shinwari plaza,Shopping Mall,Peshawar,34.0293892,71.6014557,3.9,113,41.46,"Family, Friends","shopping, dining",Low,All-season,"Evening, Night",Google Maps API (Adaptive AI Filtered Research Model)
498,Balakot Hill Top,Mountain,Abbottabad,34.5520497,73.3416384,4.3,92,41.24,"Friends, Adventure","hiking, camping",Low,Summer,Morning,Google Maps API (Adaptive AI Filtered Research Model)
499,Zakia Aziz Plaza,Shopping Mall,Abbottabad,33.7228783,73.0828368,4.1,101,41.2,"Family, Friends","shopping, dining",Low,Summer,"Evening, Night",Google Maps API (Adaptive AI Filtered Research Model)
500,Cherat Dam - Dag Ismail Khel Dam,Tourist Attraction,Peshawar,33.8660435,71.8338221,4.2,96,41.15,"Family, Friends",exploring,Low,All-season,All-day,Google Maps API (Adaptive AI Filtered Research Model)
501,Shiekh Yasin Plaza,Shopping Mall,Peshawar,34.0071807,71.5098488,4.1,100,41,"Family, Friends","shopping, dining",Low,All-season,"Evening, Night",Google Maps API (Adaptive AI Filtered Research Model)
502,Ladies Park F Block,Park,Multan,30.2591053,71.5613546,4.7,76,40.97,"Family, Friends","relaxing, picnic",Low,Winter,"Morning, Evening",Google Maps API (Adaptive AI Filtered Research Model)
503,GDA Family Park Gilgit,Park,Hunza,35.9239147,74.3257606,4,104,40.79,"Family, Friends","relaxing, picnic",Low,Summer,"Morning, Evening",Google Maps API (Adaptive AI Filtered Research Model)
504,Duiker Hill,Mountain,Hunza,36.3243753,74.6907288,4.8,72,40.73,"Friends, Adventure","hiking, camping",High,Summer,Morning,Google Maps API (Adaptive AI Filtered Research Model)
505,Dreamland amusement and family park,Park,Swat,34.8481757,72.4180897,4.2,94,40.72,"Family, Friends","relaxing, picnic",Low,Summer,"Morning, Evening",Google Maps API (Adaptive AI Filtered Research Model)
506,Nehar Bangla Park,Park,Multan,29.8757508,71.2946562,4.3,89,40.57,"Family, Friends","relaxing, picnic",Low,Winter,"Morning, Evening",Google Maps API (Adaptive AI Filtered Research Model)
507,Longal waterfall and picnic point,Tourist Attraction,Murree,34.0103125,73.4396875,4.4,85,40.57,"Family, Friends",exploring,Low,Summer,All-day,Google Maps API (Adaptive AI Filtered Research Model)
508,Aladdin Family Park Pasrur,Park,Sialkot,32.2697232,74.6382745,4,102,40.4,"Family, Friends","relaxing, picnic",Low,All-season,"Morning, Evening",Google Maps API (Adaptive AI Filtered Research Model)
509,Foreign Office Park,Park,Abbottabad,33.7167748,73.1037204,4.5,80,40.25,"Family, Friends","relaxing, picnic",Low,Summer,"Morning, Evening",Google Maps API (Adaptive AI Filtered Research Model)
510,DoJanga,Lake,Swat,35.6579394,72.1767875,4.7,73,40.16,"Couple, Family","boating, sightseeing",Low,Summer,"Morning, Evening",Google Maps API (Adaptive AI Filtered Research Model)
511,STARGUIDE OBSERVATORY,Tourist Attraction,Sialkot,32.724672,74.8848798,4.3,67,40.11,"Family, Friends",exploring,Low,All-season,All-day,Google Maps API (Adaptive AI Filtered Research Model)
512,Usmania Mall Swat,Shopping Mall,Swat,34.9333207,72.4971811,4.3,87,40.11,"Family, Friends","shopping, dining",Low,Summer,"Evening, Night",Google Maps API (Adaptive AI Filtered Research Model)
513,"J&K Monument, Muzaffarabad, Pakistan",Tourist Attraction,Murree,34.3461595,73.4650676,4.5,79,40,"Family, Friends",exploring,Low,Summer,All-day,Google Maps API (Adaptive AI Filtered Research Model)
514,Kamra Shareef Kotli Sattian,Mountain,Abbottabad,33.7476711,73.510878,4.7,72,39.88,"Friends, Adventure","hiking, camping",Low,Summer,Morning,Google Maps API (Adaptive AI Filtered Research Model)
515,Pappu Shopping Mall,Shopping Mall,Sahiwal,30.6637941,73.1111433,3.8,110,39.85,"Family, Friends","shopping, dining",Low,Winter,"Evening, Night",Google Maps API (Adaptive AI Filtered Research Model)
516,Wafi Masjid Ground,Park,Sialkot,32.0642068,74.1776839,4.6,75,39.84,"Family, Friends","relaxing, picnic",Low,All-season,"Morning, Evening",Google Maps API (Adaptive AI Filtered Research Model)
517,Jump Dump Liberty Gujrat,Tourist Attraction,Sialkot,32.5189144,74.0936528,4.2,88,39.4,"Family, Friends",exploring,Low,All-season,All-day,Google Maps API (Adaptive AI Filtered Research Model)
518,Shareef Mall,Shopping Mall,Multan,30.2045085,71.4567789,4.1,92,39.33,"Family, Friends","shopping, dining",Low,Winter,"Evening, Night",Google Maps API (Adaptive AI Filtered Research Model)
519,Mall Of Samundri,Shopping Mall,Sahiwal,31.0628362,72.9521766,4.3,83,39.17,"Family, Friends","shopping, dining",Low,Winter,"Evening, Night",Google Maps API (Adaptive AI Filtered Research Model)
520,Pipplan Buddhist Stupa and Monastery,Tourist Attraction,Abbottabad,33.7657203,72.8659009,4.3,83,39.17,"Family, Friends",exploring,Low,Summer,All-day,Google Maps API (Adaptive AI Filtered Research Model)
521,UHAD TOWER (Burj Builders and construction company),Shopping Mall,Peshawar,33.9965141,71.4630877,4.4,79,39.11,"Family, Friends","shopping, dining",Low,All-season,"Evening, Night",Google Maps API (Adaptive AI Filtered Research Model)
522,Pearl City Shopping Mall,Shopping Mall,Multan,30.148002,71.4240599,4,95,38.99,"Family, Friends","shopping, dining",Low,Winter,"Evening, Night",Google Maps API (Adaptive AI Filtered Research Model)
523,Ali Plaza Mandian,Shopping Mall,Abbottabad,34.1989952,73.2376291,4.2,86,38.95,"Family, Friends","shopping, dining",Low,Summer,"Evening, Night",Google Maps API (Adaptive AI Filtered Research Model)
524,Cafe De Glacier,Tourist Attraction,Hunza,36.2113494,74.7677459,4.6,71,38.76,"Family, Friends",exploring,Low,Summer,All-day,Google Maps API (Adaptive AI Filtered Research Model)
525,Sony Center,Shopping Mall,Quetta,30.1919375,67.0134375,3.8,104,38.75,"Family, Friends","shopping, dining",Low,Winter,"Evening, Night",Google Maps API (Adaptive AI Filtered Research Model)
526,Mall 229 | Bahria Town,Shopping Mall,Bahria Town,33.5223569,73.0887735,4.2,85,38.72,"Family, Friends","shopping, dining",Low,Summer,"Evening, Night",Google Maps API (Adaptive AI Filtered Research Model)
527,KarKhasa Park,Park,Quetta,30.178822,66.9330132,4.5,74,38.71,"Family, Friends","relaxing, picnic",Low,Winter,"Morning, Evening",Google Maps API (Adaptive AI Filtered Research Model)
528,Tarbela Dam Boating Point,Lake,Murree,34.06416,72.8968617,4.5,74,38.71,"Couple, Family","boating, sightseeing",Low,Summer,"Morning, Evening",Google Maps API (Adaptive AI Filtered Research Model)
529,Jubilee Park,Park,Murree,33.7230666,73.061445,4.3,81,38.7,"Family, Friends","relaxing, picnic",Low,Summer,"Morning, Evening",Google Maps API (Adaptive AI Filtered Research Model)
530,Hamster Wheel Park,Park,Murree,33.6889134,72.9881341,4.1,88,38.46,"Family, Friends","relaxing, picnic",Low,Summer,"Morning, Evening",Google Maps API (Adaptive AI Filtered Research Model)
531,Sobra City Park,Park,Abbottabad,34.0367056,72.6762101,4.3,80,38.46,"Family, Friends","relaxing, picnic",Low,Summer,"Morning, Evening",Google Maps API (Adaptive AI Filtered Research Model)
532,KC Sports Club,Shopping Mall,Sialkot,32.7238426,74.8597647,3.9,97,38.41,"Family, Friends","shopping, dining",Low,All-season,"Evening, Night",Google Maps API (Adaptive AI Filtered Research Model)
533,Mall of Islamabad,Shopping Mall,Murree,33.7129257,73.0604624,4.2,83,38.26,"Family, Friends","shopping, dining",Low,Summer,"Evening, Night",Google Maps API (Adaptive AI Filtered Research Model)
534,Park,Park,Sialkot,32.0744444,74.19875,4.5,72,38.18,"Family, Friends","relaxing, picnic",Low,All-season,"Morning, Evening",Google Maps API (Adaptive AI Filtered Research Model)
535,E Block Park,Park,Multan,30.2593684,71.5549777,4.4,75,38.11,"Family, Friends","relaxing, picnic",Low,Winter,"Morning, Evening",Google Maps API (Adaptive AI Filtered Research Model)
536,Shaheed Benazir Bhutto Children Park ???? ?????? ??? ?????? ????,Park,Hyderabad,25.3854418,68.3379432,4.2,82,38.03,"Family, Friends","relaxing, picnic",Low,Winter,"Morning, Evening",Google Maps API (Adaptive AI Filtered Research Model)
537,Victoria square,Shopping Mall,Murree,33.593171,73.0519696,4.1,86,38.02,"Family, Friends","shopping, dining",Low,Summer,"Evening, Night",Google Maps API (Adaptive AI Filtered Research Model)
538,JDA Park,Park,Sialkot,32.7221064,74.8607108,4,90,37.95,"Family, Friends","relaxing, picnic",Low,All-season,"Morning, Evening",Google Maps API (Adaptive AI Filtered Research Model)
539,Skardu,Mountain,Skardu,35.2941371,75.5801855,4.6,67,37.65,"Friends, Adventure","hiking, camping",High,Summer,Morning,Google Maps API (Adaptive AI Filtered Research Model)
540,Rajput Plaza,Shopping Mall,Abbottabad,33.7111875,73.1618125,3.8,98,37.62,"Family, Friends","shopping, dining",Low,Summer,"Evening, Night",Google Maps API (Adaptive AI Filtered Research Model)
541,Nishan-e-Manzil Park,Park,Sialkot,32.2473918,74.1134306,4.4,73,37.59,"Family, Friends","relaxing, picnic",Low,All-season,"Morning, Evening",Google Maps API (Adaptive AI Filtered Research Model)
542,Orient Mall & Residency,Shopping Mall,Hyderabad,25.3755451,68.346424,4.1,84,37.58,"Family, Friends","shopping, dining",Low,Winter,"Evening, Night",Google Maps API (Adaptive AI Filtered Research Model)
543,liberty mall,Shopping Mall,Sialkot,32.5842944,74.0845181,4.2,80,37.57,"Family, Friends","shopping, dining",Low,All-season,"Evening, Night",Google Maps API (Adaptive AI Filtered Research Model)
544,Mall of Central Square,Shopping Mall,Multan,30.2897,71.5536226,4.5,61,37.49,"Family, Friends","shopping, dining",Low,Winter,"Evening, Night",Google Maps API (Adaptive AI Filtered Research Model)
545,Mir Alam Shopping Plaza,Shopping Mall,Abbottabad,34.1796248,73.2299495,3.9,92,37.41,"Family, Friends","shopping, dining",Low,Summer,"Evening, Night",Google Maps API (Adaptive AI Filtered Research Model)
546,Municipal Park,Park,Abbottabad,33.7478171,72.8095424,3.9,92,37.41,"Family, Friends","relaxing, picnic",Low,Summer,"Morning, Evening",Google Maps API (Adaptive AI Filtered Research Model)
547,Spogmay Lake,Lake,Murree,33.5231646,73.0272305,4.6,66,37.37,"Couple, Family","boating, sightseeing",Low,Summer,"Morning, Evening",Google Maps API (Adaptive AI Filtered Research Model)
548,CITI CENTER,Shopping Mall,Sialkot,32.164018,74.201146,4.1,83,37.35,"Family, Friends","shopping, dining",Low,All-season,"Evening, Night",Google Maps API (Adaptive AI Filtered Research Model)
549,Children Park Area,Park,Murree,33.701596,72.9564684,4.3,75,37.24,"Family, Friends","relaxing, picnic",Low,Summer,"Morning, Evening",Google Maps API (Adaptive AI Filtered Research Model)
550,Vin Tower,Shopping Mall,Abbottabad,33.7673344,72.7120478,4.2,78,37.09,"Family, Friends","shopping, dining",Low,Summer,"Evening, Night",Google Maps API (Adaptive AI Filtered Research Model)
551,Park of Khan,Park,Multan,30.1884425,71.4583672,4,86,37.09,"Family, Friends","relaxing, picnic",Low,Winter,"Morning, Evening",Google Maps API (Adaptive AI Filtered Research Model)
552,Shenkay Park,Tourist Attraction,Peshawar,34.314548,71.9347681,4.3,74,36.99,"Family, Friends",exploring,Low,All-season,All-day,Google Maps API (Adaptive AI Filtered Research Model)
553,Modern Shopping Mall,Shopping Mall,Murree,33.5723454,73.1461818,4.2,76,36.61,"Family, Friends","shopping, dining",Low,Summer,"Evening, Night",Google Maps API (Adaptive AI Filtered Research Model)
554,National Press Club Park,Park,Murree,33.7278125,73.0776016,4.4,69,36.55,"Family, Friends","relaxing, picnic",Low,Summer,"Morning, Evening",Google Maps API (Adaptive AI Filtered Research Model)
555,Chaudhary Shopping Center,Shopping Mall,Multan,29.8821512,71.2964397,4,83,36.44,"Family, Friends","shopping, dining",Low,Winter,"Evening, Night",Google Maps API (Adaptive AI Filtered Research Model)
556,Mall of New City,Shopping Mall,Abbottabad,33.7392298,72.7244506,4.2,75,36.37,"Family, Friends","shopping, dining",Low,Summer,"Evening, Night",Google Maps API (Adaptive AI Filtered Research Model)
557,the Mall of Dir,Shopping Mall,Swat,35.2046875,71.8781875,4.2,75,36.37,"Family, Friends","shopping, dining",Low,Summer,"Evening, Night",Google Maps API (Adaptive AI Filtered Research Model)
558,Shangrila Park,Park,Skardu,35.4285625,75.4549375,4.4,68,36.28,"Family, Friends","relaxing, picnic",Low,Summer,"Morning, Evening",Google Maps API (Adaptive AI Filtered Research Model)
559,"Dernoiyan Waterfall, Kotli Sattian",Waterfall,Murree,33.7830412,73.5055324,4.3,71,36.23,"Friends, Adventure","sightseeing, photography",Low,Summer,"Morning, Evening",Google Maps API (Adaptive AI Filtered Research Model)
560,Rahim Plaza,Shopping Mall,Peshawar,33.9968282,71.4700674,4,82,36.22,"Family, Friends","shopping, dining",Low,All-season,"Evening, Night",Google Maps API (Adaptive AI Filtered Research Model)
561,Max,Shopping Mall,Sialkot,32.7292846,74.8474335,4,82,36.22,"Family, Friends","shopping, dining",Low,All-season,"Evening, Night",Google Maps API (Adaptive AI Filtered Research Model)
562,Ondra Poygah,Hiking/Trail,Hunza,36.3898887,74.8623562,4.9,54,36.01,"Friends, Adventure","hiking, adventure, camping",Low,Summer,Morning,Google Maps API (Adaptive AI Filtered Research Model)
563,Parmandal morh,Tourist Attraction,Sialkot,32.654227,74.8988716,4.3,64,36,"Family, Friends",exploring,Low,All-season,All-day,Google Maps API (Adaptive AI Filtered Research Model)
564,"Shah Gardez Park - Inner City, Multan",Park,Multan,30.1951826,71.4655263,4.1,77,35.98,"Family, Friends","relaxing, picnic",Low,Winter,"Morning, Evening",Google Maps API (Adaptive AI Filtered Research Model)
565,Green Spot PAF Base Kalabagh,Tourist Attraction,Murree,34.0778651,73.3769818,4.1,77,35.98,"Family, Friends",exploring,Low,Summer,All-day,Google Maps API (Adaptive AI Filtered Research Model)
566,Corner Park,Park,Murree,33.7088317,72.9535398,4.3,70,35.98,"Family, Friends","relaxing, picnic",Low,Summer,"Morning, Evening",Google Maps API (Adaptive AI Filtered Research Model)
567,Jinnah Park Besham,Park,Swat,34.9170894,72.8734564,3.9,85,35.96,"Family, Friends","relaxing, picnic",Low,Summer,"Morning, Evening",Google Maps API (Adaptive AI Filtered Research Model)
568,Jhangra Dam (?????? ???),Tourist Attraction,Murree,34.013115,73.1397097,4.6,61,35.93,"Family, Friends",exploring,Low,Summer,All-day,Google Maps API (Adaptive AI Filtered Research Model)
569,Patundas Meadows,Tourist Attraction,Hunza,36.4802375,74.792603,4.8,56,35.92,"Family, Friends",exploring,Low,Summer,All-day,Google Maps API (Adaptive AI Filtered Research Model)
570,City Centre Shopping Mall,Shopping Mall,Abbottabad,33.7539874,72.7405177,4,80,35.78,"Family, Friends","shopping, dining",Low,Summer,"Evening, Night",Google Maps API (Adaptive AI Filtered Research Model)
571,Bahar-e-Madina Park,Park,Sahiwal,30.6713002,73.0763622,4,80,35.78,"Family, Friends","relaxing, picnic",Low,Winter,"Morning, Evening",Google Maps API (Adaptive AI Filtered Research Model)
572,View Point Bajalta,Tourist Attraction,Sialkot,32.7772972,74.9812254,4.4,66,35.75,"Family, Friends",exploring,Low,All-season,All-day,Google Maps API (Adaptive AI Filtered Research Model)
573,Borith Lake Ghulkin,Tourist Attraction,Hunza,36.4308333,74.8627747,4.9,53,35.67,"Family, Friends",exploring,Low,Summer,All-day,Google Maps API (Adaptive AI Filtered Research Model)
574,Sanro Panghaal Lake,Tourist Attraction,Swat,35.7274239,72.6366633,4.9,53,35.67,"Family, Friends",exploring,Low,Summer,All-day,Google Maps API (Adaptive AI Filtered Research Model)
575,Peer Muradia Darbar,Tourist Attraction,Sialkot,32.494557,74.5420952,4.6,60,35.63,"Family, Friends",exploring,Low,All-season,All-day,Google Maps API (Adaptive AI Filtered Research Model)
576,MTJ Arif Wala,Shopping Mall,Sahiwal,30.2891481,73.0664257,4.1,75,35.51,"Family, Friends","shopping, dining",Low,Winter,"Evening, Night",Google Maps API (Adaptive AI Filtered Research Model)
577,Miss Classy,Shopping Mall,Peshawar,34.0020413,71.4983353,4.1,75,35.51,"Family, Friends","shopping, dining",Low,All-season,"Evening, Night",Google Maps API (Adaptive AI Filtered Research Model)
578,Makra Choti (Spider Peak),Tourist Attraction,Abbottabad,34.57484,73.4940606,4.7,57,35.48,"Family, Friends",exploring,Low,Summer,All-day,Google Maps API (Adaptive AI Filtered Research Model)
579,Tawi riverfront project,Tourist Attraction,Sialkot,32.7170868,74.8546882,4.3,68,35.46,"Family, Friends",exploring,Low,All-season,All-day,Google Maps API (Adaptive AI Filtered Research Model)
580,United Mall Gulgasht Multan,Shopping Mall,Multan,30.215484,71.4715429,4.3,68,35.46,"Family, Friends","shopping, dining",Low,Winter,"Evening, Night",Google Maps API (Adaptive AI Filtered Research Model)
581,Recep Tayyip Erdo?an Hospital Chowk,Park,Multan,30.0725067,71.1468158,4.3,67,35.2,"Family, Friends","relaxing, picnic",Low,Winter,"Morning, Evening",Google Maps API (Adaptive AI Filtered Research Model)
582,Kamran Karyana Store,Shopping Mall,Multan,30.1821928,71.4792861,3.9,81,35.1,"Family, Friends","shopping, dining",Low,Winter,"Evening, Night",Google Maps API (Adaptive AI Filtered Research Model)
583,Rakaposhi View Point Nasir abad Hunza,Tourist Attraction,Hunza,36.25876,74.52677,4.7,58,35.03,"Family, Friends",exploring,Low,Summer,All-day,Google Maps API (Adaptive AI Filtered Research Model)
584,Dasht-e-Laila,Tourist Attraction,Swat,35.4824435,72.3759891,4.8,53,34.94,"Family, Friends",exploring,Low,Summer,All-day,Google Maps API (Adaptive AI Filtered Research Model)
585,Nimra Shopping Centre,Shopping Mall,Quetta,30.2361368,67.0213911,3.9,80,34.88,"Family, Friends","shopping, dining",Low,Winter,"Evening, Night",Google Maps API (Adaptive AI Filtered Research Model)
586,Miniso University Road (Spinzer Mall),Shopping Mall,Peshawar,34.0018532,71.4995346,4.3,65,34.67,"Family, Friends","shopping, dining",Low,All-season,"Evening, Night",Google Maps API (Adaptive AI Filtered Research Model)
587,Chowk Northern Bypass,Tourist Attraction,Multan,30.2460108,71.4851521,4.3,65,34.67,"Family, Friends",exploring,Low,Winter,All-day,Google Maps API (Adaptive AI Filtered Research Model)
588,One to One collection,Shopping Mall,Swat,34.7712379,72.3614316,3.9,79,34.66,"Family, Friends","shopping, dining",Low,Summer,"Evening, Night",Google Maps API (Adaptive AI Filtered Research Model)
589,New Multan Computer Shopping Centre,Shopping Mall,Multan,30.205822,71.5162939,3.9,79,34.66,"Family, Friends","shopping, dining",Low,Winter,"Evening, Night",Google Maps API (Adaptive AI Filtered Research Model)
590,Baghicha Shopping Mall,Shopping Mall,Peshawar,34.1318583,71.7786277,4,75,34.64,"Family, Friends","shopping, dining",Low,All-season,"Evening, Night",Google Maps API (Adaptive AI Filtered Research Model)
591,Environmental Park,Park,Sialkot,32.7292515,74.9035986,4.2,68,34.63,"Family, Friends","relaxing, picnic",Low,All-season,"Morning, Evening",Google Maps API (Adaptive AI Filtered Research Model)
592,Hoti Khel Park,Park,Peshawar,34.0152874,71.9743098,4.2,68,34.63,"Family, Friends","relaxing, picnic",Low,All-season,"Morning, Evening",Google Maps API (Adaptive AI Filtered Research Model)
593,K2 Base Camp,Tourist Attraction,Skardu,35.3246875,75.5509375,4.8,52,34.61,"Family, Friends",exploring,Low,Summer,All-day,Google Maps API (Adaptive AI Filtered Research Model)
594,Komi Kot AJK Muzaffarabad,Mountain,Kashmir,34.2067164,73.5927569,4.5,59,34.57,"Friends, Adventure","hiking, camping",High,Summer,Morning,Google Maps API (Adaptive AI Filtered Research Model)
595,Sabzwari Jewellers Skardu,Shopping Mall,Skardu,35.2893775,75.6348997,4.1,71,34.55,"Family, Friends","shopping, dining",Low,Summer,"Evening, Night",Google Maps API (Adaptive AI Filtered Research Model)
596,Prime Mall,Shopping Mall,Murree,33.5825713,72.8605738,4.2,56,34.42,"Family, Friends","shopping, dining",Low,Summer,"Evening, Night",Google Maps API (Adaptive AI Filtered Research Model)
597,Spin Karez,Tourist Attraction,Quetta,30.2225559,67.1430124,4.6,56,34.42,"Family, Friends",exploring,Low,Winter,All-day,Google Maps API (Adaptive AI Filtered Research Model)
598,Darbar Taigh Ali Shah,Tourist Attraction,Multan,30.1776287,71.4983016,4.2,67,34.38,"Family, Friends",exploring,Low,Winter,All-day,Google Maps API (Adaptive AI Filtered Research Model)
599,Multi Orchard ROS Block-A Park,Park,Abbottabad,33.7170707,72.7038768,4.4,61,34.37,"Family, Friends","relaxing, picnic",Low,Summer,"Morning, Evening",Google Maps API (Adaptive AI Filtered Research Model)
600,Utility Store Madina Market,Shopping Mall,Hunza,35.9215645,74.310692,3.7,86,34.31,"Family, Friends","shopping, dining",Low,Summer,"Evening, Night",Google Maps API (Adaptive AI Filtered Research Model)
601,Katchehry Chowk,Tourist Attraction,Multan,30.2047585,71.4586461,4.1,70,34.3,"Family, Friends",exploring,Low,Winter,All-day,Google Maps API (Adaptive AI Filtered Research Model)
602,Khanpur Dam Island,Lake,Murree,33.8077565,72.9399195,4.6,55,34.11,"Couple, Family","boating, sightseeing",Low,Summer,"Morning, Evening",Google Maps API (Adaptive AI Filtered Research Model)
603,Passo cone Hills View,Tourist Attraction,Hunza,36.461019,74.893502,4.8,50,33.94,"Family, Friends",exploring,Low,Summer,All-day,Google Maps API (Adaptive AI Filtered Research Model)
604,Jaaz Banda Lake (Chhota Katora Lake),Lake,Swat,35.383045,72.331736,4.8,50,33.94,"Couple, Family","boating, sightseeing",Low,Summer,"Morning, Evening",Google Maps API (Adaptive AI Filtered Research Model)
605,Children Park,Park,Abbottabad,34.0354605,73.1161613,4.1,68,33.81,"Family, Friends","relaxing, picnic",Low,Summer,"Morning, Evening",Google Maps API (Adaptive AI Filtered Research Model)
606,ASIAN MALL Islamabad,Shopping Mall,Murree,33.6511284,72.953464,4.1,68,33.81,"Family, Friends","shopping, dining",Low,Summer,"Evening, Night",Google Maps API (Adaptive AI Filtered Research Model)
607,Sector A Park,Park,Swat,34.823107,72.3394913,4.1,68,33.81,"Family, Friends","relaxing, picnic",Low,Summer,"Morning, Evening",Google Maps API (Adaptive AI Filtered Research Model)
608,Fun Land,Park,Sahiwal,30.73633,73.3388155,4.1,68,33.81,"Family, Friends","relaxing, picnic",Low,Winter,"Morning, Evening",Google Maps API (Adaptive AI Filtered Research Model)
609,M I H Akhund Darweza Baba Mazar,Tourist Attraction,Peshawar,33.9964637,71.5935475,4.6,54,33.8,"Family, Friends",exploring,Low,All-season,All-day,Google Maps API (Adaptive AI Filtered Research Model)
610,Mall Of Imarat,Shopping Mall,Islamabad,33.5701726,73.1596854,4.5,47,33.59,"Family, Friends","shopping, dining",medium,Summer,"Evening, Night",Google Maps API (Adaptive AI Filtered Research Model)
611,Jaroba dam,Mountain,Peshawar,33.8032258,71.7805434,4.3,61,33.58,"Friends, Adventure","hiking, camping",Low,All-season,Morning,Google Maps API (Adaptive AI Filtered Research Model)
612,"Peeran Wala, Tarbait Pur",Park,Multan,30.0718565,71.4945703,4.3,61,33.58,"Family, Friends","relaxing, picnic",Low,Winter,"Morning, Evening",Google Maps API (Adaptive AI Filtered Research Model)
613,Hyderabad City park,Park,Hyderabad,25.4243835,68.4041825,3.9,74,33.55,"Family, Friends","relaxing, picnic",Low,Winter,"Morning, Evening",Google Maps API (Adaptive AI Filtered Research Model)
614,Wahdat Colony Park,Park,Multan,30.2074112,71.4886391,4.4,58,33.51,"Family, Friends","relaxing, picnic",Low,Winter,"Morning, Evening",Google Maps API (Adaptive AI Filtered Research Model)
615,Family Park,Park,Murree,33.6638193,72.9992349,4.4,58,33.51,"Family, Friends","relaxing, picnic",Low,Summer,"Morning, Evening",Google Maps API (Adaptive AI Filtered Research Model)
616,A To Z Shopping Mall,Shopping Mall,Swat,34.9368462,72.4696787,3.7,82,33.5,"Family, Friends","shopping, dining",Low,Summer,"Evening, Night",Google Maps API (Adaptive AI Filtered Research Model)
617,Beshai Meadows,Mountain,Swat,35.4584375,72.6391875,4.6,53,33.49,"Friends, Adventure","hiking, camping",High,Summer,Morning,Google Maps API (Adaptive AI Filtered Research Model)
618,Al-Mustafa Medical & General Store,Shopping Mall,Hyderabad,25.045076,68.6561655,3.9,73,33.32,"Family, Friends","shopping, dining",Low,Winter,"Evening, Night",Google Maps API (Adaptive AI Filtered Research Model)
619,Bostani Chocolatier,Shopping Mall,Abbottabad,33.7076618,73.0500479,4.8,48,33.26,"Family, Friends","shopping, dining",Low,Summer,"Evening, Night",Google Maps API (Adaptive AI Filtered Research Model)
620,Bilamik Valley,Tourist Attraction,Skardu,35.5669376,75.1024929,4.8,48,33.26,"Family, Friends",exploring,Low,Summer,All-day,Google Maps API (Adaptive AI Filtered Research Model)
621,Bhuttri Dam View Point,Tourist Attraction,Murree,33.9442689,73.0407793,4.6,52,33.17,"Family, Friends",exploring,Low,Summer,All-day,Google Maps API (Adaptive AI Filtered Research Model)
622,Kala Chashma (Black Spring),Tourist Attraction,Swat,35.5993897,72.161525,4.4,56,32.93,"Family, Friends",exploring,Low,Summer,All-day,Google Maps API (Adaptive AI Filtered Research Model)
623,The Paradise Mall,Shopping Mall,Murree,33.542364,73.1217242,4.4,56,32.93,"Family, Friends","shopping, dining",Low,Summer,"Evening, Night",Google Maps API (Adaptive AI Filtered Research Model)
624,Tricolor mast Suchetgarh,Tourist Attraction,Sialkot,32.5714011,74.6685988,4.7,49,32.9,"Family, Friends",exploring,Low,All-season,All-day,Google Maps API (Adaptive AI Filtered Research Model)
625,AHMED CASH N CARRY BRANCH 1,Shopping Mall,Sahiwal,30.8112054,73.4459569,3.9,71,32.86,"Family, Friends","shopping, dining",Low,Winter,"Evening, Night",Google Maps API (Adaptive AI Filtered Research Model)
626,Sunny Electronics Hyderabad,Shopping Mall,Hyderabad,25.3831528,68.3518661,4.6,51,32.85,"Family, Friends","shopping, dining",Low,Winter,"Evening, Night",Google Maps API (Adaptive AI Filtered Research Model)
627,"Patriata, murree, Pakistan",Tourist Attraction,Murree,33.8736132,73.457376,4.6,51,32.85,"Family, Friends",exploring,Low,Summer,All-day,Google Maps API (Adaptive AI Filtered Research Model)
628,Ganga Choti Official,Tourist Attraction,Murree,33.9941847,73.7771509,4.6,51,32.85,"Family, Friends",exploring,Low,Summer,All-day,Google Maps API (Adaptive AI Filtered Research Model)
629,City Shopping Mall,Shopping Mall,Murree,33.5539265,73.0576787,4.1,64,32.8,"Family, Friends","shopping, dining",Low,Summer,"Evening, Night",Google Maps API (Adaptive AI Filtered Research Model)
630,Waterfalls Chhajiyan,Mountain,Murree,33.8808374,73.0430613,4.2,61,32.8,"Friends, Adventure","hiking, camping",High,Summer,Morning,Google Maps API (Adaptive AI Filtered Research Model)
631,Hashmi Park,Park,Multan,30.152733,71.4823231,4,67,32.74,"Family, Friends","relaxing, picnic",Low,Winter,"Morning, Evening",Google Maps API (Adaptive AI Filtered Research Model)
632,Rabi Center,Shopping Mall,Peshawar,34.014985,71.5729866,4,67,32.74,"Family, Friends","shopping, dining",Low,All-season,"Evening, Night",Google Maps API (Adaptive AI Filtered Research Model)
633,Changa Manga Tila Thal Jeep Rally Point,Tourist Attraction,Multan,30.3507645,71.3006255,4.4,54,32.33,"Family, Friends",exploring,Low,Winter,All-day,Google Maps API (Adaptive AI Filtered Research Model)
634,Sharanwala baradari,Tourist Attraction,Sialkot,32.1558959,74.1885196,4.1,62,32.28,"Family, Friends",exploring,Low,All-season,All-day,Google Maps API (Adaptive AI Filtered Research Model)
635,Toys & Sport Ghulam Mohammad Brothers,Shopping Mall,Murree,33.9051735,73.3921701,4.2,59,32.26,"Family, Friends","shopping, dining",Low,Summer,"Evening, Night",Google Maps API (Adaptive AI Filtered Research Model)
636,Public Park I-10/3,Park,Murree,33.6485915,73.0355491,4.2,59,32.26,"Family, Friends","relaxing, picnic",Low,Summer,"Morning, Evening",Google Maps API (Adaptive AI Filtered Research Model)
637,Zero Point Malam Jabba,Tourist Attraction,Swat,34.7801,72.5607,4.2,59,32.26,"Family, Friends",exploring,Low,Summer,All-day,Google Maps API (Adaptive AI Filtered Research Model)
638,Braju Banda,Tourist Attraction,Swat,35.1002591,72.7286037,4.5,51,32.14,"Family, Friends",exploring,Low,Summer,All-day,Google Maps API (Adaptive AI Filtered Research Model)
639,Major Amir shaheed park,Park,Multan,29.8141249,71.7261485,4.1,61,32.02,"Family, Friends","relaxing, picnic",Low,Winter,"Morning, Evening",Google Maps API (Adaptive AI Filtered Research Model)
640,Mansehra Point,Tourist Attraction,Murree,34.341605,73.212541,4.3,43,31.48,"Family, Friends",exploring,Low,Summer,All-day,Google Maps API (Adaptive AI Filtered Research Model)
641,Harnoi Main Waterfall,Tourist Attraction,Murree,34.1171358,73.3264419,4.4,51,31.42,"Family, Friends",exploring,Low,Summer,All-day,Google Maps API (Adaptive AI Filtered Research Model)
642,Jarogo Meadows,Tourist Attraction,Swat,35.1007628,72.2081864,4.7,44,31.18,"Family, Friends",exploring,Low,Summer,All-day,Google Maps API (Adaptive AI Filtered Research Model)
643,Jinnah Garden Public Park,Park,Murree,33.5675197,73.1743778,3.7,71,31.18,"Family, Friends","relaxing, picnic",Low,Summer,"Morning, Evening",Google Maps API (Adaptive AI Filtered Research Model)
644,Peer Chaila Top,Tourist Attraction,Abbottabad,34.4840527,73.4345447,4.4,50,31.11,"Family, Friends",exploring,Low,Summer,All-day,Google Maps API (Adaptive AI Filtered Research Model)
645,Giraffe Park,Park,Murree,33.5000829,73.0984803,4.3,52,31.01,"Family, Friends","relaxing, picnic",Low,Summer,"Morning, Evening",Google Maps API (Adaptive AI Filtered Research Model)
646,Feroza Lake,Tourist Attraction,Hunza,36.2441883,74.0989735,4.9,40,30.99,"Family, Friends",exploring,Low,Summer,All-day,Google Maps API (Adaptive AI Filtered Research Model)
647,Zulfiqar Ali Bhutto Suspension Bridge Muzaffarabad AJK,Tourist Attraction,Murree,34.3478101,73.4638723,4.6,45,30.86,"Family, Friends",exploring,Low,Summer,All-day,Google Maps API (Adaptive AI Filtered Research Model)
648,Muzaffarabad park,Park,Multan,30.1361693,71.3661441,4.3,47,30.85,"Family, Friends","relaxing, picnic",Low,Winter,"Morning, Evening",Google Maps API (Adaptive AI Filtered Research Model)
649,Circuit House Park,Park,Multan,30.2064774,71.4418763,4.4,49,30.8,"Family, Friends","relaxing, picnic",Low,Winter,"Morning, Evening",Google Maps API (Adaptive AI Filtered Research Model)
650,Bobby Shopping Centre,Shopping Mall,Peshawar,33.9981147,71.5369924,4.1,56,30.68,"Family, Friends","shopping, dining",Low,All-season,"Evening, Night",Google Maps API (Adaptive AI Filtered Research Model)
651,Park,Park,Sahiwal,30.6784104,73.0856346,3.8,65,30.64,"Family, Friends","relaxing, picnic",Low,Winter,"Morning, Evening",Google Maps API (Adaptive AI Filtered Research Model)
652,Al Makkah Shopping Center,Shopping Mall,Murree,33.6336319,73.0874409,3.7,68,30.51,"Family, Friends","shopping, dining",Low,Summer,"Evening, Night",Google Maps API (Adaptive AI Filtered Research Model)
653,Azeem Mansion,Shopping Mall,Abbottabad,33.7159172,73.0696084,4.4,48,30.48,"Family, Friends","shopping, dining",Low,Summer,"Evening, Night",Google Maps API (Adaptive AI Filtered Research Model)
654,Bagh Shaheedan,Park,Murree,33.9099213,73.4012739,4.1,55,30.41,"Family, Friends","relaxing, picnic",Low,Summer,"Morning, Evening",Google Maps API (Adaptive AI Filtered Research Model)
655,Park,Park,Abbottabad,33.7709226,72.7351879,4.1,55,30.41,"Family, Friends","relaxing, picnic",Low,Summer,"Morning, Evening",Google Maps API (Adaptive AI Filtered Research Model)
656,Phofandi Hill Top Kotli Sattian,Tourist Attraction,Murree,33.8197917,73.4947402,4.8,40,30.36,"Family, Friends",exploring,Low,Summer,All-day,Google Maps API (Adaptive AI Filtered Research Model)
657,Zalzal Lake Chikar,Lake,Murree,34.132243,73.7169136,4.2,52,30.29,"Couple, Family","boating, sightseeing",Low,Summer,"Morning, Evening",Google Maps API (Adaptive AI Filtered Research Model)
658,Aitham jammu paragliding take off point,Tourist Attraction,Sialkot,32.7775683,74.990895,4.2,52,30.29,"Family, Friends",exploring,Low,All-season,All-day,Google Maps API (Adaptive AI Filtered Research Model)
659,THE GRID,Shopping Mall,Murree,33.6234835,72.9725828,4.2,38,30.21,"Family, Friends","shopping, dining",Low,Summer,"Evening, Night",Google Maps API (Adaptive AI Filtered Research Model)
660,Hawa ka Darra,Mountain,Swat,35.4900814,72.3933944,4.2,39,29.98,"Friends, Adventure","hiking, camping",High,Summer,Morning,Google Maps API (Adaptive AI Filtered Research Model)
661,Water Village Park AJK,Park,Abbottabad,34.4460071,73.5100727,4.2,42,29.81,"Family, Friends","relaxing, picnic",Low,Summer,"Morning, Evening",Google Maps API (Adaptive AI Filtered Research Model)
662,Roundu Thorsay,Tourist Attraction,Skardu,35.5669375,75.1024375,4.7,40,29.73,"Family, Friends",exploring,Low,Summer,All-day,Google Maps API (Adaptive AI Filtered Research Model)
663,Bilal Potha,Tourist Attraction,Murree,33.9176207,73.8000094,4.2,38,29.59,"Family, Friends",exploring,Low,Summer,All-day,Google Maps API (Adaptive AI Filtered Research Model)
664,Judicial Complex Park,Park,Sahiwal,30.8022101,73.4252213,3.6,67,29.47,"Family, Friends","relaxing, picnic",Low,Winter,"Morning, Evening",Google Maps API (Adaptive AI Filtered Research Model)
665,Aryari-Karore Fire Watch tower Near Patriata Road,Tourist Attraction,Murree,33.7700271,73.4077642,4.2,39,29.35,"Family, Friends",exploring,Low,Summer,All-day,Google Maps API (Adaptive AI Filtered Research Model)
666,Chundah ??The Switzerland of Gilgit Baltistan,Tourist Attraction,Skardu,35.3297766,75.4923847,4.2,39,29.35,"Family, Friends",exploring,Low,Summer,All-day,Google Maps API (Adaptive AI Filtered Research Model)
667,Allama Iqbal Park,Park,Sialkot,32.2544738,74.1396143,3.9,56,29.18,"Family, Friends","relaxing, picnic",Low,All-season,"Morning, Evening",Google Maps API (Adaptive AI Filtered Research Model)
668,Dasht e Laila Swat kotlai,Tourist Attraction,Swat,34.8008678,72.1923842,4.5,42,29.16,"Family, Friends",exploring,Low,Summer,All-day,Google Maps API (Adaptive AI Filtered Research Model)
669,Kayseria & leisure club Centaurus Mall,Shopping Mall,Abbottabad,33.7077788,73.0498441,4.3,46,29.16,"Family, Friends","shopping, dining",Low,Summer,"Evening, Night",Google Maps API (Adaptive AI Filtered Research Model)
670,Raza Shopping Mall,Shopping Mall,Sialkot,32.4935718,74.5480138,4.2,34,29.15,"Family, Friends","shopping, dining",Low,All-season,"Evening, Night",Google Maps API (Adaptive AI Filtered Research Model)
671,Highway Mega Mart,Shopping Mall,Sialkot,32.6908406,74.8812632,4,53,29.12,"Family, Friends","shopping, dining",Low,All-season,"Evening, Night",Google Maps API (Adaptive AI Filtered Research Model)
672,Picnic Point Panjar,Mountain,Murree,33.6465844,73.523307,4.6,40,29.09,"Friends, Adventure","hiking, camping",High,Summer,Morning,Google Maps API (Adaptive AI Filtered Research Model)
673,Commercial Market statlite town,Park,Murree,33.6382264,73.0703822,4.3,45,28.85,"Family, Friends","relaxing, picnic",Low,Summer,"Morning, Evening",Google Maps API (Adaptive AI Filtered Research Model)
674,Wapda Town Park,Park,Peshawar,34.0265284,71.7403508,4,52,28.84,"Family, Friends","relaxing, picnic",Low,All-season,"Morning, Evening",Google Maps API (Adaptive AI Filtered Research Model)
675,Avgarch Valley,Tourist Attraction,Hunza,36.6153125,74.8616875,4.7,37,28.59,"Family, Friends",exploring,Low,Summer,All-day,Google Maps API (Adaptive AI Filtered Research Model)
676,Multi Orchard ROS Block-C Park,Park,Abbottabad,33.719094,72.7114278,4.2,46,28.49,"Family, Friends","relaxing, picnic",Low,Summer,"Morning, Evening",Google Maps API (Adaptive AI Filtered Research Model)
677,Sumandar waterfall Point New Murree,Tourist Attraction,Murree,33.8433168,73.4700662,4.1,48,28.41,"Family, Friends",exploring,Low,Summer,All-day,Google Maps API (Adaptive AI Filtered Research Model)
678,Places To Visit In Pakistan,Tourist Attraction,Murree,33.6206419,73.1345222,4.3,43,28.2,"Family, Friends",exploring,Low,Summer,All-day,Google Maps API (Adaptive AI Filtered Research Model)
679,Sahiwal Galleria Shopping Mall,Shopping Mall,Sahiwal,30.6726201,73.1155154,4.3,42,27.87,"Family, Friends","shopping, dining",Low,Winter,"Evening, Night",Google Maps API (Adaptive AI Filtered Research Model)
680,Green Land Park Haripur,Park,Abbottabad,33.9854056,72.8919925,4.2,44,27.86,"Family, Friends","relaxing, picnic",Low,Summer,"Morning, Evening",Google Maps API (Adaptive AI Filtered Research Model)
681,Chiltan National Park,Tourist Attraction,Quetta,30.0504467,66.8995564,4.2,44,27.86,"Family, Friends",exploring,Low,Winter,All-day,Google Maps API (Adaptive AI Filtered Research Model)
682,Garhi Satana Tarbela lake/dam Haripur,Lake,Abbottabad,34.2219656,72.8073692,4.4,40,27.83,"Couple, Family","boating, sightseeing",Low,Summer,"Morning, Evening",Google Maps API (Adaptive AI Filtered Research Model)
683,Jabbri Waterfall,Lake,Murree,33.9120992,73.1663246,4.7,35,27.81,"Couple, Family","boating, sightseeing",Low,Summer,"Morning, Evening",Google Maps API (Adaptive AI Filtered Research Model)
684,Paya Lake,Lake,Abbottabad,34.6127099,73.4831783,4.6,36,27.6,"Couple, Family","boating, sightseeing",Low,Summer,"Morning, Evening",Google Maps API (Adaptive AI Filtered Research Model)
685,Donchar Gul Waterfall,Tourist Attraction,Swat,35.7518186,72.612509,4.6,36,27.6,"Family, Friends",exploring,Low,Summer,All-day,Google Maps API (Adaptive AI Filtered Research Model)
686,Taip Banda Mankyal,Mountain,Swat,35.2873523,72.6768102,4.4,39,27.48,"Friends, Adventure","hiking, camping",High,Summer,Morning,Google Maps API (Adaptive AI Filtered Research Model)
687,Palanchai Meadows,Tourist Attraction,Swat,35.1961979,72.4869316,4.5,37,27.37,"Family, Friends",exploring,Low,Summer,All-day,Google Maps API (Adaptive AI Filtered Research Model)
688,Sandhian Natural Spring Water,Tourist Attraction,Murree,33.9227725,73.39421,4.1,44,27.2,"Family, Friends",exploring,Low,Summer,All-day,Google Maps API (Adaptive AI Filtered Research Model)
689,Jugle Valley,Tourist Attraction,Swat,34.8126521,72.5727023,4.4,38,27.12,"Family, Friends",exploring,Low,Summer,All-day,Google Maps API (Adaptive AI Filtered Research Model)
690,The Magnus Mall,Shopping Mall,Murree,33.602479,73.2096791,4.5,36,27,"Family, Friends","shopping, dining",Low,Summer,"Evening, Night",Google Maps API (Adaptive AI Filtered Research Model)
691,Khaira Gali Pipeline Track,Mountain,Murree,33.9823551,73.3999113,4.7,33,27,"Friends, Adventure","hiking, camping",High,Summer,Morning,Google Maps API (Adaptive AI Filtered Research Model)
692,Kalam Forest Plain,Park,Swat,35.4893398,72.5921611,4.8,31,26.73,"Family, Friends","relaxing, picnic",Low,Summer,"Morning, Evening",Google Maps API (Adaptive AI Filtered Research Model)
693,Selfie Point Trail 4,Mountain,Murree,33.7468056,73.0436667,4.8,31,26.73,"Friends, Adventure","hiking, camping",High,Summer,Morning,Google Maps API (Adaptive AI Filtered Research Model)
694,Jinnah Park,Park,Skardu,35.3012458,75.7062073,4.1,42,26.57,"Family, Friends","relaxing, picnic",Low,Summer,"Morning, Evening",Google Maps API (Adaptive AI Filtered Research Model)
695,Surinsar lake,Tourist Attraction,Sialkot,32.7708125,75.0414375,4.2,40,26.56,"Family, Friends",exploring,Low,All-season,All-day,Google Maps API (Adaptive AI Filtered Research Model)
696,Chahan Dam Rawalpindi,Tourist Attraction,Murree,33.4595559,72.8807634,4,44,26.53,"Family, Friends",exploring,Low,Summer,All-day,Google Maps API (Adaptive AI Filtered Research Model)
697,Service road Park,Park,Murree,33.6399833,73.10407,3.9,46,26.45,"Family, Friends","relaxing, picnic",Low,Summer,"Morning, Evening",Google Maps API (Adaptive AI Filtered Research Model)
698,Shigar Valley,Tourist Attraction,Skardu,35.4765474,75.6964405,4.6,33,26.42,"Family, Friends",exploring,Low,Summer,All-day,Google Maps API (Adaptive AI Filtered Research Model)
699,Mahodand Lake,Tourist Attraction,Swat,35.702761,72.6577733,4.8,30,26.29,"Family, Friends",exploring,Low,Summer,All-day,Google Maps API (Adaptive AI Filtered Research Model)
700,Swat Riverside fizagat,Park,Swat,34.792642,72.3868293,4.8,30,26.29,"Family, Friends","relaxing, picnic",Low,Summer,"Morning, Evening",Google Maps API (Adaptive AI Filtered Research Model)
701,Waghal Waterfall,Tourist Attraction,Murree,33.8794307,73.5140501,4.5,34,26.24,"Family, Friends",exploring,Low,Summer,All-day,Google Maps API (Adaptive AI Filtered Research Model)
702,Sheen Ghar top,Tourist Attraction,Swat,34.9729779,71.9271536,4.7,31,26.17,"Family, Friends",exploring,Low,Summer,All-day,Google Maps API (Adaptive AI Filtered Research Model)
703,Family Park,Park,Sialkot,32.4279872,74.8363925,4.3,37,26.16,"Family, Friends","relaxing, picnic",Low,All-season,"Morning, Evening",Google Maps API (Adaptive AI Filtered Research Model)
704,White Glacier View Point Ghulkin,Tourist Attraction,Hunza,36.4513725,74.8699416,4.6,32,26.02,"Family, Friends",exploring,Low,Summer,All-day,Google Maps API (Adaptive AI Filtered Research Model)
705,Shuhada Park Ningolai,Park,Swat,34.8459734,72.4197426,4.2,38,25.89,"Family, Friends","relaxing, picnic",Low,Summer,"Morning, Evening",Google Maps API (Adaptive AI Filtered Research Model)
706,Shahzore Lake,Lake,Swat,35.7419842,72.1423285,4.7,29,25.31,"Couple, Family","boating, sightseeing",Low,Summer,"Morning, Evening",Google Maps API (Adaptive AI Filtered Research Model)
707,Mini Patnitop,Tourist Attraction,Sialkot,32.8081059,74.8760403,4.4,32,24.89,"Family, Friends",exploring,Low,All-season,All-day,Google Maps API (Adaptive AI Filtered Research Model)
708,Blind Lake Keris,Tourist Attraction,Skardu,35.2086955,75.9609804,4.3,33,24.7,"Family, Friends",exploring,Low,Summer,All-day,Google Maps API (Adaptive AI Filtered Research Model)
709,Chocolate Rocks,Tourist Attraction,Skardu,35.1804413,75.9071272,4.1,36,24.6,"Family, Friends",exploring,Low,Summer,All-day,Google Maps API (Adaptive AI Filtered Research Model)
710,Baba Farid Family Park,Park,Sahiwal,30.2986195,73.0674941,4.1,36,24.6,"Family, Friends","relaxing, picnic",Low,Winter,"Morning, Evening",Google Maps API (Adaptive AI Filtered Research Model)
711,TALHA Shopping Center,Shopping Mall,Sialkot,32.1808345,74.2094027,3.7,44,24.54,"Family, Friends","shopping, dining",Low,All-season,"Evening, Night",Google Maps API (Adaptive AI Filtered Research Model)
712,Kiala Small Dam,Tourist Attraction,Murree,34.0369396,73.2497616,4.4,31,24.5,"Family, Friends",exploring,Low,Summer,All-day,Google Maps API (Adaptive AI Filtered Research Model)
713,Patundas Zero Point,Tourist Attraction,Hunza,36.4518125,74.8690625,4.8,26,24.48,"Family, Friends",exploring,Low,Summer,All-day,Google Maps API (Adaptive AI Filtered Research Model)
714,Parndla Valley Kotli Sattian,Mountain,Murree,33.713981,73.5022996,4.8,26,24.48,"Friends, Adventure","hiking, camping",High,Summer,Morning,Google Maps API (Adaptive AI Filtered Research Model)
715,Plaza Park,Park,Abbottabad,34.069888,73.3931664,3.9,39,24.36,"Family, Friends","relaxing, picnic",Low,Summer,"Morning, Evening",Google Maps API (Adaptive AI Filtered Research Model)
716,Shah da Talab,Tourist Attraction,Sialkot,32.6381394,74.9749075,4.3,32,24.32,"Family, Friends",exploring,Low,All-season,All-day,Google Maps API (Adaptive AI Filtered Research Model)
717,Kunala Stupa and Monastery,Mountain,Abbottabad,33.7504374,72.830586,4.4,30,24.1,"Friends, Adventure","hiking, camping",Low,Summer,Morning,Google Maps API (Adaptive AI Filtered Research Model)
718,Zig-zag Stream Thorsay Valley,Tourist Attraction,Skardu,35.5546863,75.1109364,4.6,27,23.9,"Family, Friends",exploring,Low,Summer,All-day,Google Maps API (Adaptive AI Filtered Research Model)
719,D block Park,Park,Sialkot,32.0737715,74.2158383,4.5,28,23.81,"Family, Friends","relaxing, picnic",Low,All-season,"Morning, Evening",Google Maps API (Adaptive AI Filtered Research Model)
720,Vilo Kass,Waterfall,Swat,34.7855625,72.4823125,4.2,32,23.76,"Friends, Adventure","sightseeing, photography",Low,Summer,"Morning, Evening",Google Maps API (Adaptive AI Filtered Research Model)
721,Ban'r Meadows,Mountain,Abbottabad,34.5197169,73.5781128,4.6,26,23.46,"Friends, Adventure","hiking, camping",Low,Summer,Morning,Google Maps API (Adaptive AI Filtered Research Model)
722,Machai Sar Meadows,Tourist Attraction,Abbottabad,34.576615,72.920605,4.6,26,23.46,"Family, Friends",exploring,Low,Summer,All-day,Google Maps API (Adaptive AI Filtered Research Model)
723,Swat Munal Park and Hotel,Park,Swat,35.0882391,72.4942192,3.9,36,23.4,"Family, Friends","relaxing, picnic",Low,Summer,"Morning, Evening",Google Maps API (Adaptive AI Filtered Research Model)
724,I love jammu selfie point,Tourist Attraction,Sialkot,32.7298125,74.8586875,4.2,31,23.38,"Family, Friends",exploring,Low,All-season,All-day,Google Maps API (Adaptive AI Filtered Research Model)
725,Mallam jabba Waterfall,Tourist Attraction,Swat,34.796301,72.56843,4.5,27,23.38,"Family, Friends",exploring,Low,Summer,All-day,Google Maps API (Adaptive AI Filtered Research Model)
726,Parchen Top,Mountain,Murree,33.8115201,73.5151877,4.2,24,23.03,"Friends, Adventure","hiking, camping",High,Summer,Morning,Google Maps API (Adaptive AI Filtered Research Model)
727,BAJALTA VIEW POINT,Tourist Attraction,Sialkot,32.7602114,74.9282655,4.3,28,22.75,"Family, Friends",exploring,Low,All-season,All-day,Google Maps API (Adaptive AI Filtered Research Model)
728,Siran River Jabori Point,Tourist Attraction,Abbottabad,34.6131544,73.2383369,4.6,24,22.54,"Family, Friends",exploring,Low,Summer,All-day,Google Maps API (Adaptive AI Filtered Research Model)
729,"Bun, karore",Tourist Attraction,Murree,33.7184781,73.3767641,4.2,22,22.51,"Family, Friends",exploring,Low,Summer,All-day,Google Maps API (Adaptive AI Filtered Research Model)
730,Katora Lake front Side,Tourist Attraction,Swat,35.3628831,72.3459782,4.5,25,22.5,"Family, Friends",exploring,Low,Summer,All-day,Google Maps API (Adaptive AI Filtered Research Model)
731,Triangle Park,Park,Murree,33.6796164,73.0220156,4.2,25,22.5,"Family, Friends","relaxing, picnic",Low,Summer,"Morning, Evening",Google Maps API (Adaptive AI Filtered Research Model)
732,"Jagori Village, Mansehra",Tourist Attraction,Abbottabad,34.5292462,73.2057697,4.5,25,22.5,"Family, Friends",exploring,Low,Summer,All-day,Google Maps API (Adaptive AI Filtered Research Model)
733,Kumarat Abshar,Tourist Attraction,Swat,35.5701216,72.1929166,4.5,25,22.5,"Family, Friends",exploring,Low,Summer,All-day,Google Maps API (Adaptive AI Filtered Research Model)
734,Utror Top,Mountain,Swat,35.4910512,72.3627209,4.4,21,22.45,"Friends, Adventure","hiking, camping",High,Summer,Morning,Google Maps API (Adaptive AI Filtered Research Model)
735,AL BAIK PARK,Park,Abbottabad,34.3756795,73.4666242,3.9,33,22.4,"Family, Friends","relaxing, picnic",Low,Summer,"Morning, Evening",Google Maps API (Adaptive AI Filtered Research Model)
736,Adventurous camping Gears,Hiking/Trail,Murree,34.1579847,73.258687,4.3,20,22.36,"Friends, Adventure","hiking, adventure, camping",Low,Summer,Morning,Google Maps API (Adaptive AI Filtered Research Model)
737,Gosha-e-Sukoon,Hiking/Trail,Abbottabad,34.610406,73.432256,4.2,20,22.36,"Friends, Adventure","hiking, adventure, camping",Low,Summer,Morning,Google Maps API (Adaptive AI Filtered Research Model)
738,CDA park,Park,Murree,33.6517699,73.029369,4,31,22.27,"Family, Friends","relaxing, picnic",Low,Summer,"Morning, Evening",Google Maps API (Adaptive AI Filtered Research Model)
739,Glacier View Point,Lake,Swat,35.6552057,72.6826544,4.6,23,22.06,"Couple, Family","boating, sightseeing",Low,Summer,"Morning, Evening",Google Maps API (Adaptive AI Filtered Research Model)
740,Diamond City Public Ground,Park,Sialkot,32.5341635,74.5889064,4.6,23,22.06,"Family, Friends","relaxing, picnic",Low,All-season,"Morning, Evening",Google Maps API (Adaptive AI Filtered Research Model)
741,Traditional Monument of water well,Tourist Attraction,Murree,33.5302322,73.1105104,4.2,22,22.04,"Family, Friends",exploring,Low,Summer,All-day,Google Maps API (Adaptive AI Filtered Research Model)
742,Malam Jabba National Forest,Park,Swat,34.7911491,72.5628482,4.8,21,22,"Family, Friends","relaxing, picnic",Low,Summer,"Morning, Evening",Google Maps API (Adaptive AI Filtered Research Model)
743,Chilidaar,Tourist Attraction,Hunza,35.8733597,74.3357445,4.3,26,21.93,"Family, Friends",exploring,Low,Summer,All-day,Google Maps API (Adaptive AI Filtered Research Model)
744,jammu view,Tourist Attraction,Sialkot,32.718442,74.9180815,4,30,21.91,"Family, Friends",exploring,Low,All-season,All-day,Google Maps API (Adaptive AI Filtered Research Model)
745,Mahamaya Ropeway Ticket counter,Tourist Attraction,Sialkot,32.729079,74.8868937,4.1,28,21.7,"Family, Friends",exploring,Low,All-season,All-day,Google Maps API (Adaptive AI Filtered Research Model)
746,"Bagrote Valley, Gilgit",Tourist Attraction,Hunza,36.0097338,74.543964,4.5,23,21.58,"Family, Friends",exploring,Low,Summer,All-day,Google Maps API (Adaptive AI Filtered Research Model)
747,AIM Waterfall,Tourist Attraction,Murree,33.9966012,73.2942715,4.2,19,20.92,"Family, Friends",exploring,Low,Summer,All-day,Google Maps API (Adaptive AI Filtered Research Model)
748,Seri Santh Picnic Spot Kotli Sattian,Mountain,Murree,33.890213,73.511489,4.7,19,20.49,"Friends, Adventure","hiking, camping",High,Summer,Morning,Google Maps API (Adaptive AI Filtered Research Model)
749,Royal Garden Hotel,Tourist Attraction,Hunza,36.2505701,74.5163515,4.8,18,20.36,"Family, Friends",exploring,Low,Summer,All-day,Google Maps API (Adaptive AI Filtered Research Model)
750,Baine baba,Tourist Attraction,Swat,34.8862918,72.4934149,4.4,21,20.16,"Family, Friends",exploring,Low,Summer,All-day,Google Maps API (Adaptive AI Filtered Research Model)
751,RINOS D-MART,Shopping Mall,Skardu,35.2937915,75.6446749,4.4,21,20.16,"Family, Friends","shopping, dining",Low,Summer,"Evening, Night",Google Maps API (Adaptive AI Filtered Research Model)
752,Boat view point (Chenab view),Tourist Attraction,Sialkot,32.8916254,74.7353673,4.4,21,20.16,"Family, Friends",exploring,Low,All-season,All-day,Google Maps API (Adaptive AI Filtered Research Model)
753,Jab Valley Top,Tourist Attraction,Murree,33.8613125,72.9915625,4.4,21,20.16,"Family, Friends",exploring,Low,Summer,All-day,Google Maps API (Adaptive AI Filtered Research Model)
754,"Utility Store, Khmer Chowk, Gilgit",Shopping Mall,Hunza,35.9055985,74.344035,4.2,23,20.14,"Family, Friends","shopping, dining",Low,Summer,"Evening, Night",Google Maps API (Adaptive AI Filtered Research Model)
755,Sandhian Stop,Tourist Attraction,Murree,33.9316352,73.3930724,4.5,20,20.12,"Family, Friends",exploring,Low,Summer,All-day,Google Maps API (Adaptive AI Filtered Research Model)
756,Skardu Mountain Wheels,Tourist Attraction,Skardu,35.278301,75.646687,4.5,20,20.12,"Family, Friends",exploring,Low,Summer,All-day,Google Maps API (Adaptive AI Filtered Research Model)
757,Gari Habibullah River View Point,Tourist Attraction,Abbottabad,34.4226829,73.3548536,4.5,20,20.12,"Family, Friends",exploring,Low,Summer,All-day,Google Maps API (Adaptive AI Filtered Research Model)
758,barmini,Tourist Attraction,Sialkot,32.7103768,74.9062622,4.5,20,20.12,"Family, Friends",exploring,Low,All-season,All-day,Google Maps API (Adaptive AI Filtered Research Model)
759,Sardaryab Family Park,Park,Swat,34.8007131,72.3006455,4.6,19,20.05,"Family, Friends","relaxing, picnic",Low,Summer,"Morning, Evening",Google Maps API (Adaptive AI Filtered Research Model)
760,Karor Sand Waterfall,Waterfall,Murree,33.7404008,73.3829936,4.3,19,20.05,"Friends, Adventure","sightseeing, photography",Low,Summer,"Morning, Evening",Google Maps API (Adaptive AI Filtered Research Model)
761,Abbottabad Water Tank,Lake,Murree,34.2010321,73.2207847,4.2,18,19.94,"Couple, Family","boating, sightseeing",Low,Summer,"Morning, Evening",Google Maps API (Adaptive AI Filtered Research Model)
762,Kotehra Waterfall,Tourist Attraction,Abbottabad,33.9586517,72.6816765,4.2,22,19.7,"Family, Friends",exploring,Low,Summer,All-day,Google Maps API (Adaptive AI Filtered Research Model)
763,Hasnaini Waterfall,Lake,Murree,34.1196497,73.3331518,4.4,20,19.68,"Couple, Family","boating, sightseeing",Low,Summer,"Morning, Evening",Google Maps API (Adaptive AI Filtered Research Model)
764,Rajputana Hill View Spot,Tourist Attraction,Sialkot,32.822821,74.8632327,4.7,17,19.38,"Family, Friends",exploring,Low,All-season,All-day,Google Maps API (Adaptive AI Filtered Research Model)
765,k2 Gondogoro La Trek,Hiking/Trail,Skardu,35.3246498,75.5510131,5,15,19.36,"Friends, Adventure","hiking, adventure, camping",Low,Summer,Morning,Google Maps API (Adaptive AI Filtered Research Model)
766,Panj peer,Tourist Attraction,Sialkot,32.7103768,74.9062622,4.1,22,19.23,"Family, Friends",exploring,Low,All-season,All-day,Google Maps API (Adaptive AI Filtered Research Model)
767,Western Okara ByPass Park,Park,Sahiwal,30.7934592,73.4217995,4.3,20,19.23,"Family, Friends","relaxing, picnic",Low,Winter,"Morning, Evening",Google Maps API (Adaptive AI Filtered Research Model)
768,Kachura Eagle View Point,Tourist Attraction,Skardu,35.4236448,75.4519467,4.8,16,19.2,"Family, Friends",exploring,Low,Summer,All-day,Google Maps API (Adaptive AI Filtered Research Model)
769,Yaindu Waterfall,Tourist Attraction,Swat,35.5408125,72.2145625,4.8,16,19.2,"Family, Friends",exploring,Low,Summer,All-day,Google Maps API (Adaptive AI Filtered Research Model)
770,Sitara Traders,Shopping Mall,Skardu,35.3001995,75.6328835,4.2,16,19.2,"Family, Friends","shopping, dining",Low,Summer,"Evening, Night",Google Maps API (Adaptive AI Filtered Research Model)
771,Octri post suchetgarh border,Tourist Attraction,Sialkot,32.6048991,74.731531,4.8,16,19.2,"Family, Friends",exploring,Low,All-season,All-day,Google Maps API (Adaptive AI Filtered Research Model)
772,SWAT SANGOTA,Park,Swat,34.7941303,72.410001,4.4,19,19.18,"Family, Friends","relaxing, picnic",Low,Summer,"Morning, Evening",Google Maps API (Adaptive AI Filtered Research Model)
773,Daral Lake,Tourist Attraction,Swat,35.217079,72.3747686,4.9,15,18.98,"Family, Friends",exploring,Low,Summer,All-day,Google Maps API (Adaptive AI Filtered Research Model)
774,Baroota Datote Top,Tourist Attraction,Abbottabad,33.8933083,73.6759283,4.3,15,18.98,"Family, Friends",exploring,Low,Summer,All-day,Google Maps API (Adaptive AI Filtered Research Model)
775,Passu Ghar Hut,Tourist Attraction,Hunza,36.4534689,74.8229863,4.9,15,18.98,"Family, Friends",exploring,Low,Summer,All-day,Google Maps API (Adaptive AI Filtered Research Model)
776,Nazara Resort,Park,Abbottabad,33.8349529,73.7411728,3.7,26,18.87,"Family, Friends","relaxing, picnic",Low,Summer,"Morning, Evening",Google Maps API (Adaptive AI Filtered Research Model)
777,Sarari Poonch,Lake,Murree,33.8262506,73.9032916,4.2,20,18.78,"Couple, Family","boating, sightseeing",Low,Summer,"Morning, Evening",Google Maps API (Adaptive AI Filtered Research Model)
778,Green Playground,Tourist Attraction,Swat,35.4897796,72.5861989,4.4,18,18.67,"Family, Friends",exploring,Low,Summer,All-day,Google Maps API (Adaptive AI Filtered Research Model)
779,Shepherd's Den,Tourist Attraction,Hunza,36.3214911,74.7038754,3.8,24,18.62,"Family, Friends",exploring,Low,Summer,All-day,Google Maps API (Adaptive AI Filtered Research Model)
780,The Magnus Mall Gulberg,Shopping Mall,Murree,33.6007762,73.2101132,4.3,15,18.59,"Family, Friends","shopping, dining",Low,Summer,"Evening, Night",Google Maps API (Adaptive AI Filtered Research Model)
781,Chambar Waterfall,Mountain,Murree,33.8374916,73.5034936,4.6,16,18.4,"Friends, Adventure","hiking, camping",High,Summer,Morning,Google Maps API (Adaptive AI Filtered Research Model)
782,Kathian Leswa,Tourist Attraction,Abbottabad,34.4636392,73.7537229,4.1,20,18.34,"Family, Friends",exploring,Low,Summer,All-day,Google Maps API (Adaptive AI Filtered Research Model)
783,Shadhara Valley,Tourist Attraction,Abbottabad,34.1549854,73.4929531,4.3,18,18.24,"Family, Friends",exploring,Low,Summer,All-day,Google Maps API (Adaptive AI Filtered Research Model)
784,View Point 45 Ban Toll,Tourist Attraction,Sialkot,32.8328797,74.9305551,4.3,18,18.24,"Family, Friends",exploring,Low,All-season,All-day,Google Maps API (Adaptive AI Filtered Research Model)
785,Darwaaza Kass NathiaGali KPK,Tourist Attraction,Murree,34.0456704,73.3919733,4.4,17,18.14,"Family, Friends",exploring,Low,Summer,All-day,Google Maps API (Adaptive AI Filtered Research Model)
786,Mushroom Lake,Lake,Swat,35.6357004,72.297685,4.5,16,18,"Couple, Family","boating, sightseeing",Low,Summer,"Morning, Evening",Google Maps API (Adaptive AI Filtered Research Model)
787,View Point Mansar road,Tourist Attraction,Sialkot,32.7752895,74.9914108,4.5,16,18,"Family, Friends",exploring,Low,All-season,All-day,Google Maps API (Adaptive AI Filtered Research Model)
788,Park of 110/12-L,Park,Sahiwal,30.5140155,72.6648241,4.1,19,17.87,"Family, Friends","relaxing, picnic",Low,Winter,"Morning, Evening",Google Maps API (Adaptive AI Filtered Research Model)
789,Five Hills by Farmer?? Stand,Mountain,Murree,33.8361944,73.3722222,4.1,19,17.87,"Friends, Adventure","hiking, camping",High,Summer,Morning,Google Maps API (Adaptive AI Filtered Research Model)
790,Margala View Point,Tourist Attraction,Murree,33.7601185,73.065685,4.2,18,17.82,"Family, Friends",exploring,Low,Summer,All-day,Google Maps API (Adaptive AI Filtered Research Model)
791,Malturo Rock Castle View,Lake,Skardu,35.3142195,75.4808818,4.5,15,17.43,"Couple, Family","boating, sightseeing",Low,Summer,"Morning, Evening",Google Maps API (Adaptive AI Filtered Research Model)
792,KIU View Point,Tourist Attraction,Hunza,35.9278417,74.3642399,4.1,18,17.39,"Family, Friends",exploring,Low,Summer,All-day,Google Maps API (Adaptive AI Filtered Research Model)
793,Sirikot waterfall,Tourist Attraction,Abbottabad,34.0251874,72.7935561,4.1,18,17.39,"Family, Friends",exploring,Low,Summer,All-day,Google Maps API (Adaptive AI Filtered Research Model)
794,Khalabat Tarbela Lake boating point,Lake,Murree,34.0608558,72.9001368,4.2,17,17.32,"Couple, Family","boating, sightseeing",Low,Summer,"Morning, Evening",Google Maps API (Adaptive AI Filtered Research Model)
795,Mangal Waterfall,Tourist Attraction,Murree,34.2451695,73.2604663,4.4,15,17.04,"Family, Friends",exploring,Low,Summer,All-day,Google Maps API (Adaptive AI Filtered Research Model)
796,Qari Khushi Muhammad Park,Park,Murree,33.6306479,73.0704657,4.4,15,17.04,"Family, Friends","relaxing, picnic",Low,Summer,"Morning, Evening",Google Maps API (Adaptive AI Filtered Research Model)
797,Sar Bandaa Top Munjai Dir,Tourist Attraction,Swat,34.9108864,71.9032035,4.2,16,16.8,"Family, Friends",exploring,Low,Summer,All-day,Google Maps API (Adaptive AI Filtered Research Model)
798,Sheen Ghar Top Lajbouk Dir,Tourist Attraction,Swat,34.9676655,71.9257582,4.3,15,16.65,"Family, Friends",exploring,Low,Summer,All-day,Google Maps API (Adaptive AI Filtered Research Model)
799,Dashti Laila road swat,Hiking/Trail,Swat,34.7862055,72.2090568,4.3,15,16.65,"Friends, Adventure","hiking, adventure, camping",Low,Summer,Morning,Google Maps API (Adaptive AI Filtered Research Model)
800,Ringchan Rock Manthal Skardu (City View Point),Tourist Attraction,Skardu,35.2696061,75.6282316,4.3,15,16.65,"Family, Friends",exploring,Low,Summer,All-day,Google Maps API (Adaptive AI Filtered Research Model)
801,Moorti More stop,Tourist Attraction,Murree,33.4893597,72.9293701,3.9,18,16.55,"Family, Friends",exploring,Low,Summer,All-day,Google Maps API (Adaptive AI Filtered Research Model)
802,Karlaan Waterfall (Big),Waterfall,Murree,34.1112649,73.3312277,4,17,16.49,"Friends, Adventure","sightseeing, photography",Low,Summer,"Morning, Evening",Google Maps API (Adaptive AI Filtered Research Model)
803,Upper dir ganshal bala,Tourist Attraction,Swat,35.2393355,72.0580838,4.1,16,16.4,"Family, Friends",exploring,Low,Summer,All-day,Google Maps API (Adaptive AI Filtered Research Model)
804,Yadgar Handicraft Main bazar,Shopping Mall,Swat,34.7740869,72.3601959,3.9,17,16.08,"Family, Friends","shopping, dining",Low,Summer,"Evening, Night",Google Maps API (Adaptive AI Filtered Research Model)
805,"RCC Bridge, Akhnoor",Tourist Attraction,Sialkot,32.902321,74.7632024,3.8,17,15.67,"Family, Friends",exploring,Low,All-season,All-day,Google Maps API (Adaptive AI Filtered Research Model)
806,Snow Leopard Sanctuary,Tourist Attraction,Hunza,36.1584261,74.179779,3.9,16,15.6,"Family, Friends",exploring,Low,Summer,All-day,Google Maps API (Adaptive AI Filtered Research Model)
